name,mana_cost,cmc,type_line,oracle_text,image_url
Absolute Virtue,{6}{W}{U},8.0,Legendary Creature — Avatar Warrior,"This spell can't be countered. Flying You have protection from each of your opponents. (You can't be dealt damage, enchanted, or targeted by anything controlled by your opponents.)",https://cards.scryfall.io/normal/front/a/a/aa192912-c9ee-403f-8a46-a338c9edb4b9.jpg?1748706551
Adelbert Steiner,{1}{W},2.0,Legendary Creature — Human Knight,Lifelink Adelbert Steiner gets +1/+1 for each Equipment you control.,https://cards.scryfall.io/normal/front/1/a/1a67a991-1e52-4676-a2e3-2bc7aa943ab3.jpg?1748705765
Adventurer's Airship,{3},3.0,Artifact — Vehicle,"Flying Whenever this Vehicle attacks, draw a card, then discard a card. Crew 2 (Tap any number of creatures you control with total power 2 or more: This Vehicle becomes an artifact creature until end of turn.)",https://cards.scryfall.io/normal/front/0/a/0a1d6dcd-bd41-4f57-a35b-6613811fe4d4.jpg?1748718939
Adventurer's Inn,,0.0,Land — Town,"When this land enters, you gain 2 life. {T}: Add {C}.",https://cards.scryfall.io/normal/front/f/0/f0da2ee1-986e-4cbf-92eb-d96fdb572ca5.jpg?1748706796
Aerith Gainsborough,{2}{W},3.0,Legendary Creature — Human Cleric,"Lifelink Whenever you gain life, put a +1/+1 counter on Aerith Gainsborough. When Aerith Gainsborough dies, put X +1/+1 counters on each legendary creature you control, where X is the number of +1/+1 counters on Aerith Gainsborough.",https://cards.scryfall.io/normal/front/e/8/e86328b6-ded2-41df-8b6e-4a770e7b171e.jpg?1748705770
Aerith Rescue Mission,{3}{W},4.0,Sorcery,"Choose one — • Take the Elevator — Create three 1/1 colorless Hero creature tokens. • Take 59 Flights of Stairs — Tap up to three target creatures. Put a stun counter on one of them. (If a permanent with a stun counter would become untapped, remove one from it instead.)",https://cards.scryfall.io/normal/front/3/1/3123d16c-e1e6-4659-a7a3-2ec6efc6bf08.jpg?1748705771
Aettir and Priwen,{6},6.0,Legendary Artifact — Equipment,"Equipped creature has base power and toughness X/X, where X is your life total. Equip {5}",https://cards.scryfall.io/normal/front/0/3/038710ca-c756-4e66-a9de-278e676c9f5b.jpg?1748706739
Ahriman,{2}{B},3.0,Creature — Eye Horror,"Flying, deathtouch {3}, Sacrifice another creature or artifact: Draw a card.",https://cards.scryfall.io/normal/front/1/6/162a415c-5465-497e-8f4e-c6f09681641d.jpg?1748706087
Airship Crash,{2}{G},3.0,Instant,"Destroy target artifact, enchantment, or creature with flying. Cycling {2} ({2}, Discard this card: Draw a card.)",https://cards.scryfall.io/normal/front/e/c/ec91c4e4-711f-464d-bc83-e6813f4fdcdb.jpg?1750188044
Al Bhed Salvagers,{2}{B},3.0,Creature — Human Artificer Warrior,"Whenever this creature or another creature or artifact you control dies, target opponent loses 1 life and you gain 1 life.",https://cards.scryfall.io/normal/front/5/8/58ccdcfc-a669-480f-bded-4273cfaf2045.jpg?1748706093
Ambrosia Whiteheart,{1}{W},2.0,Legendary Creature — Bird,"Flash When Ambrosia Whiteheart enters, you may return another permanent you control to its owner's hand. Landfall — Whenever a land you control enters, Ambrosia Whiteheart gets +1/+0 until end of turn.",https://cards.scryfall.io/normal/front/f/2/f2596767-7d19-4110-86ed-3cfc93ac7483.jpg?1748705777
Ancient Adamantoise,{5}{G}{G}{G},8.0,Creature — Turtle,"Vigilance, ward {3} Damage isn't removed from this creature during cleanup steps. All damage that would be dealt to you and other permanents you control is dealt to this creature instead. When this creature dies, exile it and create ten tapped Treasure tokens.",https://cards.scryfall.io/normal/front/4/c/4c139f30-5ecd-48fd-ae7c-ec2cc98889ff.jpg?1748706406
"Ardyn, the Usurper",{5}{B}{B}{B},8.0,Legendary Creature — Elder Human Noble,"Demons you control have menace, lifelink, and haste. Starscourge — At the beginning of combat on your turn, exile up to one target creature card from a graveyard. If you exiled a card this way, create a token that's a copy of that card, except it's a 5/5 black Demon.",https://cards.scryfall.io/normal/front/4/6/4627072e-9c72-4084-8021-690777342548.jpg?1748706094
A Realm Reborn,{4}{G}{G},6.0,Enchantment,"Other permanents you control have ""{T}: Add one mana of any color.""",https://cards.scryfall.io/normal/front/d/1/d1af74e4-38d5-44b5-85e1-4d13f6970453.jpg?1748706495
"Ashe, Princess of Dalmasca",{2}{W},3.0,Legendary Creature — Human Rebel Noble,"Whenever Ashe attacks, look at the top five cards of your library. You may reveal an artifact card from among them and put it into your hand. Put the rest on the bottom of your library in a random order.",https://cards.scryfall.io/normal/front/f/f/ffe0596f-ef99-4862-9386-0fe455259995.jpg?1748705778
Astrologian's Planisphere,{1}{U},2.0,Artifact — Equipment,"Job select (When this Equipment enters, create a 1/1 colorless Hero creature token, then attach this to it.) Equipped creature is a Wizard in addition to its other types and has ""Whenever you cast a noncreature spell and whenever you draw your third card each turn, put a +1/+1 counter on this creature."" Diana — Equip {2}",https://cards.scryfall.io/normal/front/b/f/bfa4e927-1d6f-4a64-9801-7d168a5ef3f6.jpg?1748705924
Auron's Inspiration,{2}{W},3.0,Instant,Attacking creatures get +2/+0 until end of turn. Flashback {2}{W}{W} (You may cast this card from your graveyard for its flashback cost. Then exile it.),https://cards.scryfall.io/normal/front/7/7/77d82764-563c-4bc2-b568-625ec7215e0d.jpg?1748705784
"Balamb Garden, SeeD Academy // Balamb Garden, Airborne",,0.0,Land — Town // Legendary Artifact — Vehicle,,
Balamb T-Rexaur,{4}{G}{G},6.0,Creature — Dinosaur,"Trample When this creature enters, you gain 3 life. Forestcycling {2} ({2}, Discard this card: Search your library for a Forest card, reveal it, put it into your hand, then shuffle.)",https://cards.scryfall.io/normal/front/e/5/e5857b1b-73bc-458e-b26b-7ed8bef785f3.jpg?1748706407
Balthier and Fran,{1}{R}{G},3.0,Legendary Creature — Human Rabbit,"Reach Vehicles you control get +1/+1 and have vigilance and reach. Whenever a Vehicle crewed by Balthier and Fran this turn attacks, if it's the first combat phase of the turn, you may pay {1}{R}{G}. If you do, after this phase, there is an additional combat phase.",https://cards.scryfall.io/normal/front/a/f/afcaed7d-7ea3-4f2a-a7f5-ee3315226369.jpg?1748706557
Bard's Bow,{2}{G},3.0,Artifact — Equipment,"Job select (When this Equipment enters, create a 1/1 colorless Hero creature token, then attach this to it.) Equipped creature gets +2/+2, has reach, and is a Bard in addition to its other types. Perseus's Bow — Equip {6} ({6}: Attach to target creature you control. Equip only as a sorcery.)",https://cards.scryfall.io/normal/front/2/a/2ac03e90-1e16-453f-88e4-a0448db73403.jpg?1748706414
"Baron, Airship Kingdom",,0.0,Land — Town,This land enters tapped. {T}: Add {U} or {R}.,https://cards.scryfall.io/normal/front/6/e/6e4bf840-802d-47d5-bffd-8ba495e19cf6.jpg?1748706809
Barret Wallace,{3}{R},4.0,Legendary Creature — Human Rebel,"Reach Whenever Barret Wallace attacks, it deals damage equal to the number of equipped creatures you control to defending player.",https://cards.scryfall.io/normal/front/1/a/1a504dff-5857-4a61-ab99-616d5df7cf5a.jpg?1748706246
Bartz and Boko,{3}{G}{G},5.0,Legendary Creature — Human Bird,"Affinity for Birds (This spell costs {1} less to cast for each Bird you control.) When Bartz and Boko enters, each other Bird you control deals damage equal to its power to target creature an opponent controls.",https://cards.scryfall.io/normal/front/d/8/d818d574-2832-4a7a-a13b-aa6e695fdaa5.jpg?1748706414
Battle Menu,{1}{W},2.0,Instant,Choose one — • Attack — Create a 2/2 white Knight creature token. • Ability — Target creature gets +0/+4 until end of turn. • Magic — Destroy target creature with power 4 or greater. • Item — You gain 4 life.,https://cards.scryfall.io/normal/front/2/4/240e1466-bd02-423d-b829-234dcd2bfab2.jpg?1748705785
"Beatrix, Loyal General",{4}{W}{W},6.0,Legendary Creature — Human Soldier,"Vigilance (Attacking doesn't cause this creature to tap.) At the beginning of combat on your turn, you may attach any number of Equipment you control to target creature you control.",https://cards.scryfall.io/normal/front/9/d/9da83b07-4978-4af7-be51-8aa8f35ec0bb.jpg?1748707600
Black Mage's Rod,{1}{B},2.0,Artifact — Equipment,"Job select (When this Equipment enters, create a 1/1 colorless Hero creature token, then attach this to it.) Equipped creature gets +1/+0, has ""Whenever you cast a noncreature spell, this creature deals 1 damage to each opponent,"" and is a Wizard in addition to its other types. Equip {3}",https://cards.scryfall.io/normal/front/3/5/35e8f140-055f-4fc7-a765-fb030d828214.jpg?1748706099
Black Waltz No. 3,{2}{B}{R},4.0,Legendary Creature — Wizard,"Flying, deathtouch Whenever you cast a noncreature spell, Black Waltz No. 3 deals 2 damage to each opponent.",https://cards.scryfall.io/normal/front/f/e/fe86e41b-b0f6-4aa1-8827-c095c721f304.jpg?1748706560
Blazing Bomb,{R},1.0,Creature — Elemental,"Whenever you cast a noncreature spell, if at least four mana was spent to cast it, put a +1/+1 counter on this creature. Blow Up — {T}, Sacrifice this creature: It deals damage equal to its power to target creature. Activate only as a sorcery.",https://cards.scryfall.io/normal/front/7/0/70f47277-ca47-428a-808f-0fb32e820a71.jpg?1748706252
Blitzball,{3},3.0,Artifact,"{T}: Add one mana of any color. GOOOOAAAALLL! — {T}, Sacrifice this artifact: Draw two cards. Activate only if an opponent was dealt combat damage by a legendary creature this turn.",https://cards.scryfall.io/normal/front/9/2/92f4ad73-42bf-45c0-8bb6-0b44043c81ef.jpg?1748706744
Blitzball Shot,{1}{G},2.0,Instant,Target creature gets +3/+3 and gains trample until end of turn.,https://cards.scryfall.io/normal/front/e/c/ec8ab637-3d7d-4712-9f83-8920f808f715.jpg?1748706420
Buster Sword,{3},3.0,Artifact — Equipment,"Equipped creature gets +3/+2. Whenever equipped creature deals combat damage to a player, draw a card, then you may cast a spell from your hand with mana value less than or equal to that damage without paying its mana cost. Equip {2}",https://cards.scryfall.io/normal/front/3/7/374d7383-a1a7-4eea-91f7-290180e14cc9.jpg?1748706745
Cactuar,{G},1.0,Creature — Plant,"Trample At the beginning of your end step, if this creature didn't enter the battlefield this turn, return it to its owner's hand.",https://cards.scryfall.io/normal/front/d/5/d5273db4-6214-41e4-825a-612fca8bbe03.jpg?1748706421
Call the Mountain Chocobo,{3}{R},4.0,Sorcery,"Search your library for a Mountain card, reveal it, put it into your hand, then shuffle. Create a 2/2 green Bird creature token with ""Whenever a land you control enters, this token gets +1/+0 until end of turn."" Flashback {5}{R} (You may cast this card from your graveyard for its flashback cost. Then exile it.)",https://cards.scryfall.io/normal/front/b/2/b2e1986c-2852-4843-bdc4-eddb727ba3d4.jpg?1748706252
Capital City,,0.0,Land — Town,"{T}: Add {C}. {1}, {T}: Add one mana of any color. Cycling {2} ({2}, Discard this card: Draw a card.)",https://cards.scryfall.io/normal/front/f/7/f73ce8ec-c916-48eb-ae20-c0d6d03d7145.jpg?1748706809
Cargo Ship,{1}{U},2.0,Artifact — Vehicle,"Flying, vigilance {T}: Add {C}. Spend this mana only to cast an artifact spell or activate an ability of an artifact source. Crew 1 (Tap any number of creatures you control with total power 1 or more: This Vehicle becomes an artifact creature until end of turn.)",https://cards.scryfall.io/normal/front/9/3/932b865c-bfe7-4bb7-82e9-2403cf0e0522.jpg?1748705931
"Cecil, Dark Knight // Cecil, Redeemed Paladin",,1.0,Legendary Creature — Human Knight // Legendary Creature — Human Knight,,
Chocobo Kick,{1}{G},2.0,Sorcery,"Kicker—Return a land you control to its owner's hand. (You may return a land you control to its owner's hand in addition to any other costs as you cast this spell.) Target creature you control deals damage equal to its power to target creature an opponent controls. If this spell was kicked, the creature you control deals twice that much damage instead.",https://cards.scryfall.io/normal/front/f/f/ff8c8be0-8223-499c-8704-cb68e0a42ce2.jpg?1748706427
Chocobo Racetrack,{3}{G}{G},5.0,Artifact,"Landfall — Whenever a land you control enters, create a 2/2 green Bird creature token with ""Whenever a land you control enters, this token gets +1/+0 until end of turn.""",https://cards.scryfall.io/normal/front/1/5/1565813b-6912-42f4-bae0-22136a2d6a92.jpg?1748706428
Choco-Comet,{X}{R}{R},2.0,Sorcery,"Choco-Comet deals X damage to any target. Create a 2/2 green Bird creature token with ""Whenever a land you control enters, this token gets +1/+0 until end of turn.""",https://cards.scryfall.io/normal/front/8/d/8d8d3903-a7f4-4cd8-8d29-b4a173e4fbb2.jpg?1748706258
"Choco, Seeker of Paradise",{1}{G}{W}{U},4.0,Legendary Creature — Bird,"Whenever one or more Birds you control attack, look at that many cards from the top of your library. You may put one of them into your hand. Then put any number of land cards from among them onto the battlefield tapped and the rest into your graveyard. Landfall — Whenever a land you control enters, Choco gets +1/+0 until end of turn.",https://cards.scryfall.io/normal/front/4/0/409c305a-52dc-4538-8e72-efcd568eaf49.jpg?1748706564
"Cid, Timeless Artificer",{2}{W}{U},4.0,Legendary Creature — Human Artificer,"Artifact creatures and Heroes you control get +1/+1 for each Artificer you control and each Artificer card in your graveyard. A deck can have any number of cards named Cid, Timeless Artificer. Cycling {W}{U} ({W}{U}, Discard this card: Draw a card.)",https://cards.scryfall.io/normal/front/7/f/7fb99393-d2b6-40a6-8de7-317efdc4c50b.jpg?1748706567
Circle of Power,{3}{B},4.0,Sorcery,"You draw two cards and you lose 2 life. Create a 0/1 black Wizard creature token with ""Whenever you cast a noncreature spell, this token deals 1 damage to each opponent."" Wizards you control get +1/+0 and gain lifelink until end of turn.",https://cards.scryfall.io/normal/front/c/9/c969bd0f-f174-4e2f-b95c-c9ccd5d0b8ba.jpg?1748706110
Clash of the Eikons,{G},1.0,Sorcery,Choose one or more — • Target creature you control fights target creature an opponent controls. • Remove a lore counter from target Saga you control. (Removing lore counters doesn't cause chapter abilities to trigger.) • Put a lore counter on target Saga you control.,https://cards.scryfall.io/normal/front/7/5/75c18134-f517-4a68-8640-0426b3cd4f6c.jpg?1748706434
"Clive, Ifrit's Dominant // Ifrit, Warden of Inferno",,6.0,Legendary Creature — Human Noble Warrior // Legendary Enchantment Creature — Saga Demon,,
Clive's Hideaway,,0.0,Land — Town,"Hideaway 4 (When this land enters, look at the top four cards of your library, exile one face down, then put the rest on the bottom in a random order.) {T}: Add {C}. {2}, {T}: You may play the exiled card without paying its mana cost if you control four or more legendary creatures.",https://cards.scryfall.io/normal/front/5/e/5e43c36f-b8a2-4b2b-b2ea-57e6fa97521c.jpg?1748706815
Cloudbound Moogle,{3}{W}{W},5.0,Creature — Moogle,"Flying When this creature enters, put a +1/+1 counter on target creature. Plainscycling {2} ({2}, Discard this card: Search your library for a Plains card, reveal it, put it into your hand, then shuffle.)",https://cards.scryfall.io/normal/front/7/3/7387bca7-f496-45da-a0ac-6be049303a8f.jpg?1748705792
"Cloud, Midgar Mercenary",{W}{W},2.0,Legendary Creature — Human Soldier Mercenary,"When Cloud enters, search your library for an Equipment card, reveal it, put it into your hand, then shuffle. As long as Cloud is equipped, if an ability of Cloud or an Equipment attached to it triggers, that ability triggers an additional time.",https://cards.scryfall.io/normal/front/2/c/2cf7e8a3-fad7-413d-b17c-7519a9cf5fb5.jpg?1748705791
Cloud of Darkness,{2}{B}{G}{G},5.0,Legendary Creature — Avatar,"Flying Particle Beam — When Cloud of Darkness enters, target creature an opponent controls gets -X/-X until end of turn, where X is the number of permanent cards in your graveyard.",https://cards.scryfall.io/normal/front/a/2/a292094a-674a-401f-8776-ba5ebe57c946.jpg?1748706571
"Cloud, Planet's Champion",{3}{R}{W},5.0,Legendary Creature — Human Soldier Mercenary,"During your turn, as long as Cloud is equipped, it has double strike and indestructible. (This creature deals both first-strike and regular combat damage. Damage and effects that say ""destroy"" don't destroy this creature.) Equip abilities you activate that target Cloud cost {2} less to activate.",https://cards.scryfall.io/normal/front/a/6/a6d58067-337d-43dc-b4a3-c6acc701d450.jpg?1749021792
Coeurl,{1}{W},2.0,Creature — Cat Beast,"{1}{W}, {T}: Tap target nonenchantment creature.",https://cards.scryfall.io/normal/front/7/6/7604b534-5480-42fa-bc36-bbae730f8582.jpg?1748705798
Coliseum Behemoth,{5}{G}{G},7.0,Creature — Beast,"Trample When this creature enters, choose one — • Destroy target artifact or enchantment. • Draw a card.",https://cards.scryfall.io/normal/front/9/0/900206f1-7dd6-4db9-a430-73e560fd196b.jpg?1748706435
Combat Tutorial,{2}{U},3.0,Sorcery,Target player draws two cards. Put a +1/+1 counter on up to one target creature you control.,https://cards.scryfall.io/normal/front/e/c/ec195607-ac30-4931-acfd-f9d8ac8b047f.jpg?1748705932
Commune with Beavers,{G},1.0,Sorcery,"Look at the top three cards of your library. You may reveal an artifact, creature, or land card from among them and put it into your hand. Put the rest on the bottom of your library in any order.",https://cards.scryfall.io/normal/front/7/8/784287c2-43c5-4210-93ae-cdd33b9acb1b.jpg?1748706441
Coral Sword,{R},1.0,Artifact — Equipment,"Flash When this Equipment enters, attach it to target creature you control. That creature gains first strike until end of turn. Equipped creature gets +1/+0. Equip {1}",https://cards.scryfall.io/normal/front/1/3/13e81e32-7246-46b9-872e-cde77cedd197.jpg?1748706265
Cornered by Black Mages,{1}{B}{B},3.0,Sorcery,"Target opponent sacrifices a creature of their choice. Create a 0/1 black Wizard creature token with ""Whenever you cast a noncreature spell, this token deals 1 damage to each opponent.""",https://cards.scryfall.io/normal/front/6/8/688fcf8a-0a44-416a-8086-83acf9a6fe69.jpg?1748706113
Crossroads Village,,0.0,Land — Town,"This land enters tapped. As it enters, choose a color. {T}: Add one mana of the chosen color.",https://cards.scryfall.io/normal/front/6/4/64db46d4-f91f-49cc-971c-b8e19f0c4ea9.jpg?1748706815
Crystal Fragments // Summon: Alexander,{W},1.0,Artifact — Equipment // Enchantment Creature — Saga Construct,,
Dark Confidant,{1}{B},2.0,Creature — Human Wizard,"At the beginning of your upkeep, reveal the top card of your library and put that card into your hand. You lose life equal to its mana value.",https://cards.scryfall.io/normal/front/2/5/2520ab23-a068-4462-b261-2754409b4108.jpg?1748706117
Dark Knight's Greatsword,{2}{B},3.0,Artifact — Equipment,"Job select (When this Equipment enters, create a 1/1 colorless Hero creature token, then attach this to it.) Equipped creature gets +3/+0 and is a Knight in addition to its other types. Chaosbringer — Equip—Pay 3 life. Activate only once each turn.",https://cards.scryfall.io/normal/front/b/5/b50dcc7c-260f-4d8c-9a9e-9244ec23a91e.jpg?1748706120
Deadly Embrace,{3}{B}{B},5.0,Sorcery,Destroy target creature an opponent controls. Then draw a card for each creature that died this turn.,https://cards.scryfall.io/normal/front/a/1/a11cb85c-85dd-435c-8303-4d0d18bdb1e9.jpg?1748707601
Delivery Moogle,{3}{W},4.0,Creature — Moogle,"Flying When this creature enters, search your library and/or graveyard for an artifact card with mana value 2 or less, reveal it, and put it into your hand. If you search your library this way, shuffle.",https://cards.scryfall.io/normal/front/f/5/f58840dc-c641-4092-8b67-9c0d449af715.jpg?1748705812
Demon Wall,{1}{B},2.0,Artifact Creature — Demon Wall,"Defender Menace (This creature can't be blocked except by two or more creatures.) As long as this creature has a counter on it, it can attack as though it didn't have defender. {5}{B}: Put two +1/+1 counters on this creature.",https://cards.scryfall.io/normal/front/1/3/13abd96c-d1af-43d0-b3a4-ac3db20e3b51.jpg?1748706126
Diamond Weapon,{7}{G}{G},9.0,Legendary Artifact Creature — Elemental,This spell costs {1} less to cast for each permanent card in your graveyard. Reach Immune — Prevent all combat damage that would be dealt to Diamond Weapon.,https://cards.scryfall.io/normal/front/6/c/6ce7f494-2a19-4b11-94d4-fc5e5a7068bd.jpg?1748706442
"Dion, Bahamut's Dominant // Bahamut, Warden of Light",,4.0,Legendary Creature — Human Noble Knight // Legendary Enchantment Creature — Saga Dragon,,
Dragoon's Lance,{1}{W},2.0,Artifact — Equipment,"Job select (When this Equipment enters, create a 1/1 colorless Hero creature token, then attach this to it.) Equipped creature gets +1/+0 and is a Knight in addition to its other types. During your turn, equipped creature has flying. Gae Bolg — Equip {4}",https://cards.scryfall.io/normal/front/9/6/96630531-8eb7-4e3e-8d63-60c562a5571b.jpg?1748705819
Dragoon's Wyvern,{2}{U},3.0,Creature — Drake,"Flying When this creature enters, create a 1/1 colorless Hero creature token.",https://cards.scryfall.io/normal/front/d/9/d92bce20-308e-4841-aaf8-8e20698292e7.jpg?1748705937
Dreams of Laguna,{1}{U},2.0,Instant,"Surveil 1, then draw a card. (To surveil 1, look at the top card of your library. You may put it into your graveyard.) Flashback {3}{U} (You may cast this card from your graveyard for its flashback cost. Then exile it.)",https://cards.scryfall.io/normal/front/b/a/ba752243-2727-4b8a-8e21-e70becfd4ff3.jpg?1748705940
Dwarven Castle Guard,{1}{W},2.0,Creature — Dwarf Soldier,"When this creature dies, create a 1/1 colorless Hero creature token.",https://cards.scryfall.io/normal/front/e/1/e17c0d27-e88d-4ba9-acbb-3f916cee3d7e.jpg?1748705825
"Eden, Seat of the Sanctum",,0.0,Land — Town,"{T}: Add {C}. {5}, {T}: Mill two cards. Then you may sacrifice this land. When you do, return another target permanent card from your graveyard to your hand.",https://cards.scryfall.io/normal/front/e/2/e28eac1e-adc7-4f8d-b206-bef09ba07d38.jpg?1748706821
"Edgar, King of Figaro",{4}{U}{U},6.0,Legendary Creature — Human Artificer Noble,"When Edgar enters, draw a card for each artifact you control. Two-Headed Coin — The first time you flip one or more coins each turn, those coins come up heads and you win those flips.",https://cards.scryfall.io/normal/front/9/5/950ee302-5512-43c5-ac7c-b2b06f4177bf.jpg?1748705945
Eject,{3}{U},4.0,Instant,This spell can't be countered. Return target nonland permanent to its owner's hand. Draw a card.,https://cards.scryfall.io/normal/front/a/e/aec83c9a-8ec4-4a5a-b27f-0e74a2b3d21e.jpg?1748705947
Elixir,{1},1.0,Artifact,"This artifact enters tapped. {5}, {T}, Exile this artifact: Shuffle all nonland cards from your graveyard into your library. You gain life equal to the number of cards shuffled into your library this way.",https://cards.scryfall.io/normal/front/a/4/a4b05d37-df62-475c-8371-735ed2fa1b05.jpg?1748706750
"Emet-Selch, Unsundered // Hades, Sorcerer of Eld",,3.0,Legendary Creature — Elder Wizard // Legendary Creature — Avatar,,
Esper Origins // Summon: Esper Maduin,,2.0,Sorcery // Enchantment Creature — Saga Elemental,,
Ether,{3}{U},4.0,Artifact,"{T}, Exile this artifact: Add {U}. When you next cast an instant or sorcery spell this turn, copy that spell. You may choose new targets for the copy.",https://cards.scryfall.io/normal/front/8/9/896ee6e9-15a9-4974-b576-50f4759fac38.jpg?1748705952
Evil Reawakened,{4}{B},5.0,Sorcery,Return target creature card from your graveyard to the battlefield with two additional +1/+1 counters on it.,https://cards.scryfall.io/normal/front/e/b/eb98cbc3-749c-44f4-974c-00be1286d69e.jpg?1748706130
Excalibur II,{1},1.0,Legendary Artifact — Equipment,"Whenever you gain life, put a charge counter on Excalibur II. Equipped creature gets +1/+1 for each charge counter on Excalibur II. Equip {3}",https://cards.scryfall.io/normal/front/d/4/d42e5fed-67ac-46d7-a5d4-78f661f3e8b4.jpg?1748706751
"Exdeath, Void Warlock // Neo Exdeath, Dimension's End",,3.0,Legendary Creature — Spirit Warlock // Legendary Creature — Spirit Avatar,,
"Fang, Fearless l'Cie",{2}{B},3.0,Legendary Creature — Human Warrior,"Whenever one or more cards leave your graveyard, you draw a card and you lose 1 life. This ability triggers only once each turn. (Melds with Vanille, Cheerful l'Cie.)",https://cards.scryfall.io/normal/front/f/7/f73a5cbb-905f-4b99-8d23-9d1b6bd47ee8.jpg?1746914128
Fate of the Sun-Cryst,{4}{W},5.0,Instant,This spell costs {2} less to cast if it targets a tapped creature. Destroy target nonland permanent.,https://cards.scryfall.io/normal/front/9/0/900cdf11-b42e-4dcc-97c3-2e4d8e406a70.jpg?1748705825
Fight On!,{2}{B},3.0,Instant,Return up to two target creature cards from your graveyard to your hand.,https://cards.scryfall.io/normal/front/e/1/e1b0739a-dcc4-4034-96d7-69e551b2f36b.jpg?1748706137
Fire Magic,{R},1.0,Instant,Tiered (Choose one additional cost.) • Fire — {0} — Fire Magic deals 1 damage to each creature. • Fira — {2} — Fire Magic deals 2 damage to each creature. • Firaga — {5} — Fire Magic deals 3 damage to each creature.,https://cards.scryfall.io/normal/front/4/1/415ff6a5-61ef-4b37-ae08-e44476300d4a.jpg?1748706272
"Firion, Wild Rose Warrior",{2}{R},3.0,Legendary Creature — Human Rebel Warrior,"Equipped creatures you control have haste. Whenever a nontoken Equipment you control enters, create a token that's a copy of it, except it has ""This Equipment's equip abilities cost {2} less to activate."" Sacrifice that token at the beginning of the next upkeep.",https://cards.scryfall.io/normal/front/9/8/98366937-d15b-4a66-b9f6-878d50b63871.jpg?1748706279
Forest,,0.0,Basic Land — Forest,({T}: Add {G}.),https://cards.scryfall.io/normal/front/b/e/be72862d-d71e-4b18-98a6-59019399f631.jpg?1748706924
Freya Crescent,{R},1.0,Legendary Creature — Rat Knight,"Jump — During your turn, Freya Crescent has flying. {T}: Add {R}. Spend this mana only to cast an Equipment spell or activate an equip ability.",https://cards.scryfall.io/normal/front/9/9/9921f646-e893-44db-ac89-0633c1009788.jpg?1748706279
From Father to Son,{1}{W},2.0,Sorcery,"Search your library for a Vehicle card, reveal it, and put it into your hand. If this spell was cast from a graveyard, put that card onto the battlefield instead. Then shuffle. Flashback {4}{W}{W}{W} (You may cast this card from your graveyard for its flashback cost. Then exile it.)",https://cards.scryfall.io/normal/front/0/c/0c730a3b-334e-466b-bb9b-4b41fce2af6d.jpg?1748705832
Gaelicat,{2}{W},3.0,Creature — Cat,"Flying, vigilance As long as you control two or more artifacts, this creature gets +2/+0.",https://cards.scryfall.io/normal/front/2/9/29606c49-e1a4-49c3-883b-9122c08bbbc7.jpg?1748705839
Gaius van Baelsar,{2}{B}{B},4.0,Legendary Creature — Human Soldier,"When Gaius van Baelsar enters, choose one — • Each player sacrifices a creature token of their choice. • Each player sacrifices a nontoken creature of their choice. • Each player sacrifices an enchantment of their choice.",https://cards.scryfall.io/normal/front/a/4/a4ee8ba5-6a79-4652-b2a4-a3dae804bc28.jpg?1748706145
Galuf's Final Act,{1}{G},2.0,Instant,"Until end of turn, target creature gets +1/+0 and gains ""When this creature dies, put a number of +1/+1 counters equal to its power on up to one target creature.""",https://cards.scryfall.io/normal/front/0/c/0ce05634-6c01-4941-a135-904cb4e33ac4.jpg?1748706456
"Garland, Knight of Cornelia // Chaos, the Endless",,2.0,Legendary Creature — Human Knight // Legendary Creature — Demon,,
"Garnet, Princess of Alexandria",{G}{W},2.0,Legendary Creature — Human Noble Cleric,"Lifelink Whenever Garnet attacks, you may remove a lore counter from each of any number of Sagas you control. Put a +1/+1 counter on Garnet for each lore counter removed this way.",https://cards.scryfall.io/normal/front/b/8/b883df14-8d7b-4f6a-9a6a-2f71f5b6ddda.jpg?1748706601
Genji Glove,{5},5.0,Artifact — Equipment,"Equipped creature has double strike. Whenever equipped creature attacks, if it's the first combat phase of the turn, untap it. After this phase, there is an additional combat phase. Equip {3}",https://cards.scryfall.io/normal/front/f/7/f724dde1-84b0-4e3b-a9b8-44cd22bb9f79.jpg?1748706757
Gigantoad,{3}{G},4.0,Creature — Frog,"As long as you control seven or more lands, this creature gets +2/+2.",https://cards.scryfall.io/normal/front/b/c/bc10d648-4053-460f-bc52-9c20477bf6de.jpg?1748706462
"Gilgamesh, Master-at-Arms",{4}{R}{R},6.0,Legendary Creature — Human Samurai,"Whenever Gilgamesh enters or attacks, look at the top six cards of your library. You may put any number of Equipment cards from among them onto the battlefield. Put the rest on the bottom of your library in a random order. When you put one or more Equipment onto the battlefield this way, you may attach one of them to a Samurai you control.",https://cards.scryfall.io/normal/front/1/e/1eb81329-fb7a-4347-b96c-9960a5c48e87.jpg?1748706285
"Giott, King of the Dwarves",{R}{W},2.0,Legendary Creature — Dwarf Noble,"Double strike Whenever Giott or another Dwarf you control enters and whenever an Equipment you control enters, you may discard a card. If you do, draw a card.",https://cards.scryfall.io/normal/front/6/a/6a7784de-a10d-4ce6-98a5-aaf3e85773b6.jpg?1748706604
Gladiolus Amicitia,{4}{R}{G},6.0,Legendary Creature — Human Warrior,"When Gladiolus Amicitia enters, search your library for a land card, put it onto the battlefield tapped, then shuffle. Landfall — Whenever a land you control enters, another target creature you control gets +2/+2 and gains trample until end of turn.",https://cards.scryfall.io/normal/front/4/4/442957fc-045d-4db6-b82a-445f172d23e4.jpg?1748706608
"Gogo, Master of Mimicry",{2}{U},3.0,Legendary Creature — Wizard,"{X}{X}, {T}: Copy target activated or triggered ability you control X times. You may choose new targets for the copies. This ability can't be copied and X can't be 0. (Mana abilities can't be targeted.)",https://cards.scryfall.io/normal/front/c/c/cce4eb99-d960-4ab7-911a-bb4ea74d1775.jpg?1748705954
"Gohn, Town of Ruin",,0.0,Land — Town,This land enters tapped. {T}: Add {B} or {G}.,https://cards.scryfall.io/normal/front/9/9/99582781-613e-4a33-aec7-7569b4a961aa.jpg?1748706822
"Golbez, Crystal Collector",{U}{B},2.0,Legendary Creature — Human Wizard,"Whenever an artifact you control enters, surveil 1. At the beginning of your end step, if you control four or more artifacts, return target creature card from your graveyard to your hand. Then if you control eight or more artifacts, each opponent loses life equal to that card's power.",https://cards.scryfall.io/normal/front/8/4/849f5716-7211-4e93-a220-f88d49f937f4.jpg?1748706611
"Gongaga, Reactor Town",,0.0,Land — Town,This land enters tapped. {T}: Add {R} or {G}.,https://cards.scryfall.io/normal/front/7/b/7beccfa6-3e4b-4460-954e-870cb39e462d.jpg?1748706828
Goobbue Gardener,{1}{G},2.0,Creature — Plant Beast,{T}: Add {G}.,https://cards.scryfall.io/normal/front/b/7/b7c3544a-5dd5-423e-8a40-ac4803db8adc.jpg?1748706464
G'raha Tia,{4}{W},5.0,Legendary Creature — Cat Archer,"Reach The Allagan Eye — Whenever one or more other creatures and/or artifacts you control die, draw a card. This ability triggers only once each turn.",https://cards.scryfall.io/normal/front/0/7/076a8eca-ed73-4ee9-aab4-d9d43d394ee6.jpg?1748705832
Gran Pulse Ochu,{G},1.0,Creature — Plant Beast,"Deathtouch {8}: Until end of turn, this creature gets +1/+1 for each permanent card in your graveyard.",https://cards.scryfall.io/normal/front/4/d/4dced21f-478c-4500-9484-af5864dea5cc.jpg?1748706468
"Guadosalam, Farplane Gateway",,0.0,Land — Town,This land enters tapped. {T}: Add {G} or {U}.,https://cards.scryfall.io/normal/front/d/f/dfcbc131-fd50-4908-b539-c8e52bb70c58.jpg?1748706833
Gysahl Greens,{1}{G},2.0,Sorcery,"Create a 2/2 green Bird creature token with ""Whenever a land you control enters, this token gets +1/+0 until end of turn."" Flashback {6}{G} (You may cast this card from your graveyard for its flashback cost. Then exile it.)",https://cards.scryfall.io/normal/front/0/2/020dee17-d85b-44c4-9faa-b1ef977956f4.jpg?1748706473
Haste Magic,{1}{R},2.0,Instant,Target creature gets +3/+1 and gains haste until end of turn. Exile the top card of your library. You may play it until your next end step.,https://cards.scryfall.io/normal/front/3/a/3af9d100-70ee-4c6c-a762-11a0c4f3ef6f.jpg?1748706286
Hecteyes,{1}{B},2.0,Creature — Ooze Horror,"When this creature enters, each opponent discards a card.",https://cards.scryfall.io/normal/front/8/6/8680d052-c07b-4d9b-bda9-b5f69f44f424.jpg?1748706146
Hill Gigas,{4}{R}{R},6.0,Creature — Giant,"Trample, haste Mountaincycling {2} ({2}, Discard this card: Search your library for a Mountain card, reveal it, put it into your hand, then shuffle.)",https://cards.scryfall.io/normal/front/2/a/2a8b3e1e-5c10-4360-ac1c-83b2e026278c.jpg?1748706292
Hope Estheim,{W}{U},2.0,Legendary Creature — Human Wizard,"Lifelink At the beginning of your end step, each opponent mills X cards, where X is the amount of life you gained this turn.",https://cards.scryfall.io/normal/front/f/b/fbdb68cc-5516-481a-94c5-59f6c69b8a17.jpg?1748706615
Ice Flan,{4}{U}{U},6.0,Creature — Elemental Ooze,"When this creature enters, tap target artifact or creature an opponent controls. Put a stun counter on it. (If a permanent with a stun counter would become untapped, remove one from it instead.) Islandcycling {2} ({2}, Discard this card: Search your library for an Island card, reveal it, put it into your hand, then shuffle.)",https://cards.scryfall.io/normal/front/a/d/ad304c9c-943f-442f-bb82-ff378ad7d7ba.jpg?1748705958
Ice Magic,{1}{U},2.0,Instant,Tiered (Choose one additional cost.) • Blizzard — {0} — Return target creature to its owner's hand. • Blizzara — {2} — Target creature's owner puts it on their choice of the top or bottom of their library. • Blizzaga — {5}{U} — Target creature's owner shuffles it into their library.,https://cards.scryfall.io/normal/front/9/d/9dabd626-7ec3-4913-babb-d5d3fd5e32d5.jpg?1748705962
Ignis Scientia,{1}{G}{U},3.0,Legendary Creature — Human Advisor,"When Ignis Scientia enters, look at the top six cards of your library. You may put a land card from among them onto the battlefield tapped. Put the rest on the bottom of your library in a random order. I've Come Up with a New Recipe! — {1}{G}{U}, {T}: Exile target card from a graveyard. If a creature card was exiled this way, create a Food token.",https://cards.scryfall.io/normal/front/a/b/ab4f9721-5b2c-4371-98a5-3f6714265e57.jpg?1748706619
Il Mheg Pixie,{1}{U},2.0,Creature — Faerie,"Flying Whenever this creature attacks, surveil 1. (Look at the top card of your library. You may put it into your graveyard.)",https://cards.scryfall.io/normal/front/a/e/ae612312-3a8e-495f-8730-deaaf7505ca1.jpg?1748705966
"Insomnia, Crown City",,0.0,Land — Town,This land enters tapped. {T}: Add {W} or {B}.,https://cards.scryfall.io/normal/front/0/7/07fca511-a65c-4779-82c0-9215b0dcd068.jpg?1748706835
Instant Ramen,{2},2.0,Artifact — Food,"Flash When this artifact enters, draw a card. {2}, {T}, Sacrifice this artifact: You gain 3 life.",https://cards.scryfall.io/normal/front/e/f/ef7011f4-fc08-4b15-973d-d15357cbe744.jpg?1748706757
Iron Giant,{7},7.0,Artifact Creature — Demon,"Vigilance, reach, trample",https://cards.scryfall.io/normal/front/e/4/e48cf6d5-4d32-4b66-80be-3495ecd3e906.jpg?1748706763
"Ishgard, the Holy See // Faith & Grief",{3}{W}{W},0.0,Land — Town // Sorcery — Adventure,,https://cards.scryfall.io/normal/front/0/6/068bc755-9d3d-430b-abc5-c775a5415bf9.jpg?1748706839
Island,,0.0,Basic Land — Island,({T}: Add {U}.),https://cards.scryfall.io/normal/front/b/9/b92ec9f6-a56d-40c6-aee2-7d5e1524c985.jpg?1749278110
Item Shopkeep,{1}{R},2.0,Creature — Human Citizen,"Whenever you attack, target attacking equipped creature gains menace until end of turn. (It can't be blocked except by two or more creatures.)",https://cards.scryfall.io/normal/front/b/d/bd2db3f5-fd0d-4817-af90-6bea1f07e16b.jpg?1748706293
"Jecht, Reluctant Guardian // Braska's Final Aeon",,4.0,Legendary Creature — Human Warrior // Legendary Enchantment Creature — Saga Nightmare,,
"Jenova, Ancient Calamity",{2}{B}{G},4.0,Legendary Creature — Alien,"At the beginning of combat on your turn, put a number of +1/+1 counters equal to Jenova's power on up to one other target creature. That creature becomes a Mutant in addition to its other types. Whenever a Mutant you control dies during your turn, you draw cards equal to its power.",https://cards.scryfall.io/normal/front/5/3/534f98ee-7bc2-44d6-b49f-f57c051807d5.jpg?1748706622
"Jidoor, Aristocratic Capital // Overture",{4}{U}{U},0.0,Land — Town // Sorcery — Adventure,,https://cards.scryfall.io/normal/front/9/8/98b2d5b5-f85b-4c42-a0f5-a76f6af304ba.jpg?1748962589
"Jill, Shiva's Dominant // Shiva, Warden of Ice",,3.0,Legendary Creature — Human Noble Warrior // Legendary Enchantment Creature — Saga Elemental,,
"Joshua, Phoenix's Dominant // Phoenix, Warden of Fire",,3.0,Legendary Creature — Human Noble Wizard // Legendary Enchantment Creature — Saga Phoenix,,
Judge Magister Gabranth,{W}{B},2.0,Legendary Creature — Human Advisor Knight,"Menace (This creature can't be blocked except by two or more creatures.) Whenever another creature or artifact you control dies, put a +1/+1 counter on Judge Magister Gabranth.",https://cards.scryfall.io/normal/front/f/9/f9e64cb6-48f7-41d3-99e7-4b0bc3b33fd7.jpg?1748706634
Judgment Bolt,{3}{R},4.0,Instant,"Judgment Bolt deals 5 damage to target creature and X damage to that creature's controller, where X is the number of Equipment you control.",https://cards.scryfall.io/normal/front/0/5/05b04b06-9271-4a28-a60e-287df0d1a4d1.jpg?1748707602
Jumbo Cactuar,{5}{G}{G},7.0,Creature — Plant,"10,000 Needles — Whenever this creature attacks, it gets +9999/+0 until end of turn.",https://cards.scryfall.io/normal/front/d/b/db01c222-8795-47e9-a789-e7f749a3ee7d.jpg?1748706475
"Kain, Traitorous Dragoon",{2}{B},3.0,Legendary Creature — Human Knight,"Jump — During your turn, Kain has flying. Whenever Kain deals combat damage to a player, that player gains control of Kain. If they do, you draw that many cards, create that many tapped Treasure tokens, then lose that much life.",https://cards.scryfall.io/normal/front/f/8/f8c86be0-e1b3-4a78-9254-238dd936914b.jpg?1748706158
"Kefka, Court Mage // Kefka, Ruler of Ruin",,5.0,Legendary Creature — Human Wizard // Legendary Creature — Avatar Wizard,,
"Kuja, Genome Sorcerer // Trance Kuja, Fate Defied",,4.0,Legendary Creature — Human Mutant Wizard // Legendary Creature — Avatar Wizard,,
Laughing Mad,{2}{R},3.0,Instant,"As an additional cost to cast this spell, discard a card. Draw two cards. Flashback {3}{R} (You may cast this card from your graveyard for its flashback cost and any additional costs. Then exile it.)",https://cards.scryfall.io/normal/front/c/d/cd5b9daf-6325-4eb4-a069-4a8cc7807884.jpg?1748706298
"Lightning, Army of One",{1}{R}{W},3.0,Legendary Creature — Human Soldier,"First strike, trample, lifelink Stagger — Whenever Lightning deals combat damage to a player, until your next turn, if a source would deal damage to that player or a permanent that player controls, it deals double that damage instead.",https://cards.scryfall.io/normal/front/1/1/1103da9c-300c-406b-997d-9e5bb7cd02d6.jpg?1748706652
"Lightning, Security Sergeant",{2}{R},3.0,Legendary Creature — Human Soldier,"Menace (This creature can't be blocked except by two or more creatures.) Whenever Lightning deals combat damage to a player, exile the top card of your library. You may play that card for as long as you control Lightning.",https://cards.scryfall.io/normal/front/4/a/4ad4dce3-6e43-4528-b570-85547d03164e.jpg?1748707602
Light of Judgment,{4}{R},5.0,Instant,Light of Judgment deals 6 damage to target creature. Destroy up to one Equipment attached to that creature.,https://cards.scryfall.io/normal/front/9/8/98bb716d-ca66-445f-9cb3-0fc656c8ebff.jpg?1748706299
"Lindblum, Industrial Regency // Mage Siege",{2}{R},0.0,Land — Town // Instant — Adventure,,https://cards.scryfall.io/normal/front/5/4/548dd152-f0b6-4e8f-9afc-a4ec1671b648.jpg?1748706846
Lion Heart,{4},4.0,Artifact — Equipment,"When this Equipment enters, it deals 2 damage to any target. Equipped creature gets +2/+1. Equip {2}",https://cards.scryfall.io/normal/front/0/4/04d327a3-1699-4556-b681-a957671ad142.jpg?1748706764
Locke Cole,{1}{U}{B},3.0,Legendary Creature — Human Rogue,"Deathtouch, lifelink Whenever Locke Cole deals combat damage to a player, draw a card, then discard a card.",https://cards.scryfall.io/normal/front/5/7/572feb8c-6976-40a8-8a34-b4db836cca56.jpg?1748706655
Loporrit Scout,{2}{G},3.0,Creature — Rabbit Scout,"Whenever another creature you control enters, this creature gets +1/+1 until end of turn.",https://cards.scryfall.io/normal/front/a/1/a182bc66-bfda-4bf5-bd12-3de5dba60945.jpg?1748706482
Louisoix's Sacrifice,{U},1.0,Instant,"As an additional cost to cast this spell, sacrifice a legendary creature or pay {2}. Counter target activated ability, triggered ability, or noncreature spell.",https://cards.scryfall.io/normal/front/4/a/4a6976f2-0bd5-449a-8fcf-f5a732ce22c1.jpg?1748705976
Lunatic Pandora,{1},1.0,Legendary Artifact,"{2}, {T}: Surveil 1. (Look at the top card of your library. You may put it into your graveyard.) {6}, {T}, Sacrifice Lunatic Pandora: Destroy target nonland permanent.",https://cards.scryfall.io/normal/front/d/6/d6e1e3e7-20d4-42cb-ad22-60356b9e8fdc.jpg?1750188050
Machinist's Arsenal,{4}{W},5.0,Artifact — Equipment,"Job select (When this Equipment enters, create a 1/1 colorless Hero creature token, then attach this to it.) Equipped creature gets +2/+2 for each artifact you control and is an Artificer in addition to its other types. Machina — Equip {4} ({4}: Attach to target creature you control. Equip only as a sorcery.)",https://cards.scryfall.io/normal/front/f/f/ff976428-2145-4630-aab1-08870b90b2f0.jpg?1748705839
Magic Damper,{U},1.0,Instant,Target creature you control gets +1/+1 and gains hexproof until end of turn. Untap it.,https://cards.scryfall.io/normal/front/4/4/44921b2e-5938-4f63-92b9-0b719a2f8c68.jpg?1748705983
Magic Pot,{3},3.0,Artifact Creature — Goblin Construct,"When this creature dies, create a Treasure token. (It's an artifact with ""{T}, Sacrifice this token: Add one mana of any color."") {2}, {T}: Exile target card from a graveyard.",https://cards.scryfall.io/normal/front/5/7/57d07ca0-5618-4a90-a605-ca14a193ce3b.jpg?1748706770
Magitek Armor,{3}{W},4.0,Artifact — Vehicle,"When this Vehicle enters, create a 1/1 colorless Hero creature token. Crew 1 (Tap any number of creatures you control with total power 1 or more: This Vehicle becomes an artifact creature until end of turn.)",https://cards.scryfall.io/normal/front/5/9/59c4a1a2-623c-43b2-8005-ecb5c6436c10.jpg?1748705845
Magitek Infantry,{W},1.0,Artifact Creature — Robot Soldier,"This creature gets +1/+0 as long as you control another artifact. {2}{W}: Search your library for a card named Magitek Infantry, put it onto the battlefield tapped, then shuffle.",https://cards.scryfall.io/normal/front/b/6/b64dc6d7-dd01-4e66-9099-4c90865448df.jpg?1748705847
Magitek Scythe,{4},4.0,Artifact — Equipment,"A Test of Your Reflexes! — When this Equipment enters, you may attach it to target creature you control. If you do, that creature gains first strike until end of turn and must be blocked this turn if able. Equipped creature gets +2/+1. Equip {2}",https://cards.scryfall.io/normal/front/8/b/8b691d42-3498-4d47-9a46-f7c376df8886.jpg?1748707605
Malboro,{4}{B}{B},6.0,Creature — Plant Horror,"Bad Breath — When this creature enters, each opponent discards a card, loses 2 life, and exiles the top three cards of their library. Swampcycling {2} ({2}, Discard this card: Search your library for a Swamp card, reveal it, put it into your hand, then shuffle.)",https://cards.scryfall.io/normal/front/e/4/e46d8048-03ce-4e07-ba24-f41ba6140a4e.jpg?1748706158
"Matoya, Archon Elder",{2}{U},3.0,Legendary Creature — Human Warlock,"Whenever you scry or surveil, draw a card. (Draw after you scry or surveil.)",https://cards.scryfall.io/normal/front/1/d/1dd61cf6-2fb5-4cff-ab00-7677ac85774c.jpg?1748705987
Memories Returning,{2}{U}{U},4.0,Sorcery,Reveal the top five cards of your library. Put one of them into your hand. Then choose an opponent. They put one on the bottom of your library. Then you put one into your hand. Then they put one on the bottom of your library. Put the other into your hand. Flashback {7}{U}{U},https://cards.scryfall.io/normal/front/a/7/a753abfc-35d3-4faf-ab35-3b51aa778174.jpg?1748705992
"Midgar, City of Mako // Reactor Raid",{2}{B},0.0,Land — Town // Sorcery — Adventure,,https://cards.scryfall.io/normal/front/8/a/8a837256-6bb4-4a60-962d-d2793548d26c.jpg?1748706848
"Minwu, White Mage",{3}{W}{W},5.0,Legendary Creature — Human Cleric,"Vigilance, lifelink Whenever you gain life, put a +1/+1 counter on each Cleric you control.",https://cards.scryfall.io/normal/front/6/8/6822144f-f0eb-4e10-a217-52cad36d2973.jpg?1748705852
Monk's Fist,{2},2.0,Artifact — Equipment,"Job select (When this Equipment enters, create a 1/1 colorless Hero creature token, then attach this to it.) Equipped creature gets +1/+0 and is a Monk in addition to its other types. Equip {2} ({2}: Attach to target creature you control. Equip only as a sorcery.)",https://cards.scryfall.io/normal/front/9/9/995033f0-873d-4e46-b0c9-98ec8ef270ff.jpg?1748706776
Moogles' Valor,{3}{W}{W},5.0,Instant,"For each creature you control, create a 1/2 white Moogle creature token with lifelink. Then creatures you control gain indestructible until end of turn.",https://cards.scryfall.io/normal/front/c/a/caa838a7-60a9-4791-af5b-194f7574c4c8.jpg?1748705854
Mountain,,0.0,Basic Land — Mountain,({T}: Add {R}.),https://cards.scryfall.io/normal/front/a/1/a18ef64b-a9de-4548-b4d5-168758442db7.jpg?1748706910
Mysidian Elder,{2}{R},3.0,Creature — Human Wizard,"When this creature enters, create a 0/1 black Wizard creature token with ""Whenever you cast a noncreature spell, this token deals 1 damage to each opponent.""",https://cards.scryfall.io/normal/front/6/b/6bc39af4-be19-4889-b930-df7ebf7b9481.jpg?1748706305
Namazu Trader,{3}{B},4.0,Creature — Fish Citizen,"When this creature enters, you lose 1 life and create a Treasure token. Whenever this creature attacks, you may sacrifice another creature or artifact. If you do, surveil 2. (Look at the top two cards of your library, then put any number of them into your graveyard and the rest on top of your library in any order.)",https://cards.scryfall.io/normal/front/f/9/f9d25b34-990d-416c-aef7-1b5a73f19dd4.jpg?1748962390
Nibelheim Aflame,{2}{R}{R},4.0,Sorcery,"Choose target creature you control. It deals damage equal to its power to each other creature. If this spell was cast from a graveyard, discard your hand and draw four cards. Flashback {5}{R}{R} (You may cast this card from your graveyard for its flashback cost. Then exile it.)",https://cards.scryfall.io/normal/front/3/d/3d3e926a-74af-4996-849f-d31e0fdedeae.jpg?1748706306
Ninja's Blades,{2}{B},3.0,Artifact — Equipment,"Job select Equipped creature gets +1/+1, is a Ninja in addition to its other types, and has ""Whenever this creature deals combat damage to a player, draw a card, then discard a card. That player loses life equal to the discarded card's mana value."" Mutsunokami — Equip {2}",https://cards.scryfall.io/normal/front/a/6/a6b5af82-3646-44f9-ac12-1d7fa698f037.jpg?1748706165
"Noctis, Prince of Lucis",{1}{W}{U}{B},4.0,Legendary Creature — Human Noble,"Lifelink You may cast artifact spells from your graveyard by paying 3 life in addition to paying their other costs. If you cast a spell this way, that artifact enters with a finality counter on it.",https://cards.scryfall.io/normal/front/1/8/1881a66b-956d-4bab-b578-5b2d3407c972.jpg?1748706659
"Omega, Heartless Evolution",{5}{G}{U},7.0,Legendary Artifact Creature — Robot,"Wave Cannon — When Omega enters, for each opponent, tap up to one target nonland permanent that opponent controls. Put X stun counters on each of those permanents and you gain X life, where X is the number of nonbasic lands you control. (If a permanent with a stun counter would become untapped, remove one from it instead.)",https://cards.scryfall.io/normal/front/9/a/9a8eb7e6-0c0b-42d0-aa90-2d3d29bc15aa.jpg?1748706661
Opera Love Song,{1}{R},2.0,Instant,Choose one — • Exile the top two cards of your library. You may play those cards until your next end step. • One or two target creatures each get +2/+0 until end of turn.,https://cards.scryfall.io/normal/front/0/3/0343916d-1b65-4e95-aef1-e72dbcebf0c4.jpg?1748706312
Overkill,{2}{B},3.0,Instant,Target creature gets -0/-9999 until end of turn.,https://cards.scryfall.io/normal/front/a/e/ae075e71-d33d-4d6c-b4a5-0b47dd6fd196.jpg?1748706172
Paladin's Arms,{2}{W},3.0,Artifact — Equipment,"Job select (When this Equipment enters, create a 1/1 colorless Hero creature token, then attach this to it.) Equipped creature gets +2/+1, has ward {1}, and is a Knight in addition to its other types. Lightbringer and Hero's Shield — Equip {4} ({4}: Attach to target creature you control. Equip only as a sorcery.)",https://cards.scryfall.io/normal/front/4/4/446506c5-5e1d-4b42-aef3-ea247d7881ef.jpg?1748705858
Phantom Train,{3}{B},4.0,Artifact — Vehicle,Trample Sacrifice another artifact or creature: Put a +1/+1 counter on this Vehicle. It becomes a Spirit artifact creature in addition to its other types until end of turn.,https://cards.scryfall.io/normal/front/7/a/7a50d2ac-101d-41e1-b400-18fa7d2d7125.jpg?1748706172
Phoenix Down,{W},1.0,Artifact,"{1}{W}, {T}, Exile this artifact: Choose one — • Return target creature card with mana value 4 or less from your graveyard to the battlefield tapped. • Exile target Skeleton, Spirit, or Zombie.",https://cards.scryfall.io/normal/front/6/2/62e299b0-9ef6-49d3-aa79-384325fed89e.jpg?1748705861
Plains,,0.0,Basic Land — Plains,({T}: Add {W}.),https://cards.scryfall.io/normal/front/9/d/9dd2d666-7c6b-48ce-93dc-c004ebdd1fe9.jpg?1748706876
Poison the Waters,{1}{B},2.0,Sorcery,Choose one — • All creatures get -1/-1 until end of turn. • Target player reveals their hand. You choose an artifact or creature card from it. That player discards that card.,https://cards.scryfall.io/normal/front/f/f/ff2bafe7-4d0f-464d-b7ba-55a54366fc68.jpg?1748706178
Prishe's Wanderings,{2}{G},3.0,Instant,"Search your library for a basic land card or Town card, put it onto the battlefield tapped, then shuffle. When you search your library this way, put a +1/+1 counter on target creature you control.",https://cards.scryfall.io/normal/front/d/6/d6e1dee0-e2cd-4899-a3ea-7d0df717c9ab.jpg?1748706482
Prompto Argentum,{1}{R},2.0,Legendary Creature — Human Scout,"Haste Selfie Shot — Whenever you cast a noncreature spell, if at least four mana was spent to cast it, create a Treasure token.",https://cards.scryfall.io/normal/front/4/c/4c617bcd-05f8-40c2-bb38-489bc863ce6b.jpg?1748706313
PuPu UFO,{2},2.0,Artifact Creature — Construct Alien,"Flying {T}: You may put a land card from your hand onto the battlefield. {3}: Until end of turn, this creature's base power becomes equal to the number of Towns you control.",https://cards.scryfall.io/normal/front/9/8/989b52f7-d8a5-4488-9a5d-f14a1d48686d.jpg?1748706782
Qiqirn Merchant,{2}{U},3.0,Creature — Beast Citizen,"{1}, {T}: Draw a card, then discard a card. {7}, {T}, Sacrifice this creature: Draw three cards. This ability costs {1} less to activate for each Town you control.",https://cards.scryfall.io/normal/front/a/7/a75a6ecc-a6a5-462c-bd92-ae57dde9b965.jpg?1748705999
Queen Brahne,{2}{R},3.0,Legendary Creature — Human Noble,"Prowess Whenever Queen Brahne attacks, create a 0/1 black Wizard creature token with ""Whenever you cast a noncreature spell, this token deals 1 damage to each opponent.""",https://cards.scryfall.io/normal/front/c/3/c38c98bb-74c9-460f-9997-ea5c5f922347.jpg?1748706319
"Quina, Qu Gourmet",{2}{G},3.0,Legendary Creature — Qu,"If one or more tokens would be created under your control, those tokens plus a 1/1 green Frog creature token are created instead. {2}, Sacrifice a Frog: Put a +1/+1 counter on Quina.",https://cards.scryfall.io/normal/front/4/f/4f352b5e-9731-4a8e-b872-db5d3bf32211.jpg?1748706489
Quistis Trepe,{2}{U},3.0,Legendary Creature — Human Wizard,"Blue Magic — When Quistis Trepe enters, you may cast target instant or sorcery card from a graveyard, and mana of any type can be spent to cast that spell. If that spell would be put into a graveyard, exile it instead.",https://cards.scryfall.io/normal/front/6/1/61784cbd-92e9-43c7-a1a8-4004b1bf4dae.jpg?1748706001
Qutrub Forayer,{2}{B},3.0,Creature — Zombie Horror,"When this creature enters, choose one — • Destroy target creature that was dealt damage this turn. • Exile up to two target cards from a single graveyard.",https://cards.scryfall.io/normal/front/7/4/7475ecf6-23f5-45af-9ef0-ac7923bbc9cb.jpg?1748706179
"Rabanastre, Royal City",,0.0,Land — Town,This land enters tapped. {T}: Add {R} or {W}.,https://cards.scryfall.io/normal/front/c/4/c44c9bbe-f4c6-41cf-b3c3-b943f4011bc1.jpg?1748706854
"Ragnarok, Divine Deliverance",,7.0,Legendary Creature — Beast Avatar,"Vigilance, menace, trample, reach, haste When Ragnarok dies, destroy target permanent and return target nonlegendary permanent card from your graveyard to the battlefield.",https://cards.scryfall.io/normal/front/0/1/01c5bafe-c995-4cef-90fb-7ccb95858511.jpg?1748708087
Random Encounter,{4}{R}{R},6.0,Sorcery,"Shuffle your library, then mill four cards. Put each creature card milled this way onto the battlefield. They gain haste. At the beginning of the next end step, return those creatures to their owner's hand. Flashback {6}{R}{R} (You may cast this card from your graveyard for its flashback cost. Then exile it.)",https://cards.scryfall.io/normal/front/3/6/3618e283-2df9-4eb9-97b0-96b55ee31cc0.jpg?1748706320
"Raubahn, Bull of Ala Mhigo",{1}{R},2.0,Legendary Creature — Human Warrior,"Ward—Pay life equal to Raubahn's power. Whenever Raubahn attacks, attach up to one target Equipment you control to target attacking creature.",https://cards.scryfall.io/normal/front/7/0/7035d11b-525f-4120-8dcb-610095196681.jpg?1748706327
Reach the Horizon,{3}{G},4.0,Sorcery,"Search your library for up to two basic land cards and/or Town cards with different names, put them onto the battlefield tapped, then shuffle.",https://cards.scryfall.io/normal/front/c/2/c25960e0-5779-4e20-89f3-03950ad9d91c.jpg?1748706490
Red Mage's Rapier,{1}{R},2.0,Artifact — Equipment,"Job select (When this Equipment enters, create a 1/1 colorless Hero creature token, then attach this to it.) Equipped creature has ""Whenever you cast a noncreature spell, this creature gets +2/+0 until end of turn"" and is a Wizard in addition to its other types. Equip {3}",https://cards.scryfall.io/normal/front/e/0/e0579955-75f9-47a9-8b03-e287d120826a.jpg?1748706327
Relentless X-ATM092,{6},6.0,Artifact Creature — Robot Spider,"This creature can't be blocked except by three or more creatures. {8}: Return this card from your graveyard to the battlefield tapped with a finality counter on it. (If a creature with a finality counter on it would die, exile it instead.)",https://cards.scryfall.io/normal/front/e/0/e09ee4c9-85ef-4d1e-864b-d659b8e8f51d.jpg?1748706789
Relm's Sketching,{2}{U}{U},4.0,Sorcery,"Create a token that's a copy of target artifact, creature, or land.",https://cards.scryfall.io/normal/front/6/a/6aedac12-3714-4a81-bd4d-1d2555c66f78.jpg?1748706008
Reno and Rude,{1}{B},2.0,Legendary Creature — Human Assassin,"Menace Whenever Reno and Rude deals combat damage to a player, exile the top card of that player's library. Then you may sacrifice another creature or artifact. If you do, you may play the exiled card this turn, and mana of any type can be spent to cast it.",https://cards.scryfall.io/normal/front/b/5/b5eb0064-c7c4-4e3e-add2-b86269de3fb9.jpg?1748706185
Resentful Revelation,{1}{B},2.0,Sorcery,Look at the top three cards of your library. Put one of them into your hand and the rest into your graveyard. Flashback {6}{B} (You may cast this card from your graveyard for its flashback cost. Then exile it.),https://cards.scryfall.io/normal/front/9/4/945006ea-c6a1-4ee5-abb2-387c2b6d3123.jpg?1748706186
Restoration Magic,{W},1.0,Instant,Tiered (Choose one additional cost.) • Cure — {0} — Target permanent gains hexproof and indestructible until end of turn. • Cura — {1} — Target permanent gains hexproof and indestructible until end of turn. You gain 3 life. • Curaga — {3}{W} — Permanents you control gain hexproof and indestructible until end of turn. You gain 6 life.,https://cards.scryfall.io/normal/front/4/9/494e68e9-ecba-4482-82bc-207ad59144c1.jpg?1748705864
Retrieve the Esper,{3}{U},4.0,Sorcery,"Create a 3/3 blue Robot Warrior artifact creature token. Then if this spell was cast from a graveyard, put two +1/+1 counters on that token. Flashback {5}{U} (You may cast this card from your graveyard for its flashback cost. Then exile it.)",https://cards.scryfall.io/normal/front/e/b/ebd733f0-8883-434a-b36c-ef76b091fe8e.jpg?1748706008
Ride the Shoopuf,{1}{G},2.0,Enchantment,"Landfall — Whenever a land you control enters, put a +1/+1 counter on target creature you control. {5}{G}{G}: This enchantment becomes a 7/7 Beast creature in addition to its other types.",https://cards.scryfall.io/normal/front/1/9/19ad36d6-8bf4-490c-9980-b98a470af892.jpg?1748706498
Ring of the Lucii,{4},4.0,Legendary Artifact,"{T}: Add {C}{C}. {2}, {T}, Pay 1 life: Tap target nonland permanent.",https://cards.scryfall.io/normal/front/7/5/75761f1e-9449-4c58-8265-8abac71dafc1.jpg?1748706789
Rinoa Heartilly,{3}{G}{W},5.0,Legendary Creature — Human Rebel Warlock,"When Rinoa Heartilly enters, create Angelo, a legendary 1/1 green and white Dog creature token. Angelo Cannon — Whenever Rinoa Heartilly attacks, another target creature you control gets +1/+1 until end of turn for each creature you control.",https://cards.scryfall.io/normal/front/b/a/ba79d293-bf42-48b6-a868-5249f4beeb76.jpg?1748706666
Rook Turret,{3}{U},4.0,Artifact Creature — Construct,"Flying Whenever another artifact you control enters, you may draw a card. If you do, discard a card.",https://cards.scryfall.io/normal/front/4/5/4572884d-0c0e-41e7-b219-f76b95fdbd01.jpg?1748706014
"Rosa, Resolute White Mage",{3}{W},4.0,Legendary Creature — Human Noble Cleric,"Reach (This creature can block creatures with flying.) At the beginning of combat on your turn, put a +1/+1 counter on target creature you control. It gains lifelink until end of turn. (Damage dealt by the creature also causes you to gain that much life.)",https://cards.scryfall.io/normal/front/c/4/c44e0ad6-9f44-4e4c-8c3b-3ee99409a740.jpg?1748707601
Rufus Shinra,{1}{W}{B},3.0,Legendary Creature — Human Noble,"Whenever Rufus Shinra attacks, if you don't control a creature named Darkstar, create Darkstar, a legendary 2/2 white and black Dog creature token.",https://cards.scryfall.io/normal/front/f/5/f5fff00b-c9a0-4e90-abc0-349f8716c885.jpg?1748706668
Rydia's Return,{3}{G}{G},5.0,Sorcery,Choose one — • Creatures you control get +3/+3 until end of turn. • Return up to two target permanent cards from your graveyard to your hand.,https://cards.scryfall.io/normal/front/4/0/40a06165-2835-4610-86a1-7f684992fcf2.jpg?1748706502
"Rydia, Summoner of Mist",{R}{G},2.0,Legendary Creature — Human Shaman,"Landfall — Whenever a land you control enters, you may discard a card. If you do, draw a card. Summon — {X}, {T}: Return target Saga card with mana value X from your graveyard to the battlefield with a finality counter on it. It gains haste until end of turn. Activate only as a sorcery.",https://cards.scryfall.io/normal/front/9/9/99450143-6ab5-463d-9e04-e8e6703a8b92.jpg?1748706673
Sabotender,{1}{R},2.0,Creature — Plant,"Reach Landfall — Whenever a land you control enters, this creature deals 1 damage to each opponent.",https://cards.scryfall.io/normal/front/1/2/12df1295-8b08-4c8e-bac9-55b4f514c0be.jpg?1748706333
Sage's Nouliths,{1}{U},2.0,Artifact — Equipment,"Job select (When this Equipment enters, create a 1/1 colorless Hero creature token, then attach this to it.) Equipped creature gets +1/+0, has ""Whenever this creature attacks, untap target attacking creature,"" and is a Cleric in addition to its other types. Hagneia — Equip {3}",https://cards.scryfall.io/normal/front/a/1/a12ff7c3-6ae0-4098-9240-ff3fd16a5288.jpg?1748706016
Sahagin,{1}{U},2.0,Creature — Merfolk Warrior,"Whenever you cast a noncreature spell, if at least four mana was spent to cast it, put a +1/+1 counter on this creature and it can't be blocked this turn.",https://cards.scryfall.io/normal/front/5/1/516940c7-c271-4f64-af75-c7ba98548382.jpg?1748706022
Samurai's Katana,{2}{R},3.0,Artifact — Equipment,"Job select (When this Equipment enters, create a 1/1 colorless Hero creature token, then attach this to it.) Equipped creature gets +2/+2, has trample and haste, and is a Samurai in addition to its other types. Murasame — Equip {5}",https://cards.scryfall.io/normal/front/1/1/11f1d378-c78c-402a-ac46-2d32598c23e7.jpg?1748706334
Sandworm,{4}{R},5.0,Creature — Worm,"Haste When this creature enters, destroy target land. Its controller may search their library for a basic land card, put it onto the battlefield tapped, then shuffle.",https://cards.scryfall.io/normal/front/a/6/a6e021da-2397-4ad3-a07b-65c701df531a.jpg?1748706340
Sazh Katzroy,{3}{G},4.0,Legendary Creature — Human Pilot,"When Sazh Katzroy enters, you may search your library for a Bird or basic land card, reveal it, put it into your hand, then shuffle. Whenever Sazh Katzroy attacks, put a +1/+1 counter on target creature, then double the number of +1/+1 counters on that creature.",https://cards.scryfall.io/normal/front/1/e/1e2a3566-1390-457e-8077-d776a8671319.jpg?1748706504
Sazh's Chocobo,{G},1.0,Creature — Bird,"Landfall — Whenever a land you control enters, put a +1/+1 counter on this creature.",https://cards.scryfall.io/normal/front/d/d/dda6b4d0-1b60-46b0-b321-b9ffe15afff4.jpg?1748706509
Scorpion Sentinel,{1}{U},2.0,Artifact Creature — Robot Scorpion,"As long as you control seven or more lands, this creature gets +3/+0.",https://cards.scryfall.io/normal/front/0/8/08ab5220-e5c1-472e-8217-97fd60e1773c.jpg?1748706024
Seifer Almasy,{3}{R},4.0,Legendary Creature — Human Knight,"Whenever a creature you control attacks alone, it gains double strike until end of turn. Fire Cross — Whenever Seifer Almasy deals combat damage to a player, you may cast target instant or sorcery card with mana value 3 or less from your graveyard without paying its mana cost. If that spell would be put into your graveyard, exile it instead.",https://cards.scryfall.io/normal/front/9/c/9c776984-99ea-4181-ac95-78c41ba9d54f.jpg?1748706341
Self-Destruct,{1}{R},2.0,Instant,"Target creature you control deals X damage to any other target and X damage to itself, where X is its power.",https://cards.scryfall.io/normal/front/7/6/7661003c-bf83-46bb-bcc0-8fbf5819ffa8.jpg?1748706346
"Sephiroth, Fabled SOLDIER // Sephiroth, One-Winged Angel",,3.0,Legendary Creature — Human Avatar Soldier // Legendary Creature — Angel Nightmare Avatar,,
"Sephiroth, Planet's Heir",{4}{U}{B},6.0,Legendary Creature — Human Avatar Soldier,"Vigilance (Attacking doesn't cause this creature to tap.) When Sephiroth enters, creatures your opponents control get -2/-2 until end of turn. Whenever a creature an opponent controls dies, put a +1/+1 counter on Sephiroth.",https://cards.scryfall.io/normal/front/a/b/abd73e52-62f0-4e89-9dc6-90ff0bc2a9b7.jpg?1749021807
Sephiroth's Intervention,{3}{B},4.0,Instant,Destroy target creature. You gain 2 life.,https://cards.scryfall.io/normal/front/c/f/cf7df82f-937a-443f-813f-2bcc6944c5c0.jpg?1748706197
Serah Farron // Crystallized Serah,,3.0,Legendary Creature — Human Citizen // Legendary Artifact,,
Seymour Flux,{4}{B},5.0,Legendary Creature — Spirit Avatar,"At the beginning of your upkeep, you may pay 1 life. If you do, draw a card and put a +1/+1 counter on Seymour Flux.",https://cards.scryfall.io/normal/front/c/5/c5fdc78e-0815-443c-8c26-35387b6f4f37.jpg?1748707602
Shambling Cie'th,{2}{B},3.0,Creature — Mutant Horror,"This creature enters tapped. Whenever you cast a noncreature spell, you may pay {B}. If you do, return this card from your graveyard to your hand.",https://cards.scryfall.io/normal/front/f/0/f02ce338-4fe2-44b0-a896-3ed7e6c874a3.jpg?1748706199
"Shantotto, Tactician Magician",{1}{U}{R},3.0,Legendary Creature — Dwarf Wizard,"Whenever you cast a noncreature spell, Shantotto gets +X/+0 until end of turn, where X is the amount of mana spent to cast that spell. If X is 4 or more, draw a card.",https://cards.scryfall.io/normal/front/e/f/eff984b2-6ea9-4471-91c5-99c47f87f10b.jpg?1748706682
"Sharlayan, Nation of Scholars",,0.0,Land — Town,This land enters tapped. {T}: Add {W} or {U}.,https://cards.scryfall.io/normal/front/7/a/7a745b5e-cdb8-4d05-ac5c-87be69536da6.jpg?1748706854
Shinra Reinforcements,{2}{B},3.0,Creature — Human Soldier,"When this creature enters, mill three cards and you gain 3 life. (To mill three cards, put the top three cards of your library into your graveyard.)",https://cards.scryfall.io/normal/front/7/3/7367b257-1a8c-4593-a307-7116e36e0342.jpg?1748706203
Sidequest: Card Collection // Magicked Card,,4.0,Enchantment // Artifact — Vehicle,,
Sidequest: Catch a Fish // Cooking Campsite,,3.0,Enchantment // Land,,
"Sidequest: Hunt the Mark // Yiazmat, Ultimate Mark",,5.0,Enchantment // Legendary Creature — Dragon,,
"Sidequest: Play Blitzball // World Champion, Celestial Weapon",,3.0,Enchantment // Legendary Artifact — Equipment,,
Sidequest: Raise a Chocobo // Black Chocobo,,2.0,Enchantment // Creature — Bird,,
"Sin, Spira's Punishment",{4}{B}{G}{U},7.0,Legendary Creature — Leviathan Avatar,"Flying Whenever Sin enters or attacks, exile a permanent card from your graveyard at random, then create a tapped token that's a copy of that card. If the exiled card is a land card, repeat this process.",https://cards.scryfall.io/normal/front/6/5/659be746-bd31-4a70-8cec-7798da78b0b5.jpg?1748706689
Slash of Light,{1}{W},2.0,Instant,Slash of Light deals damage equal to the number of creatures you control plus the number of Equipment you control to target creature.,https://cards.scryfall.io/normal/front/d/a/da6d9529-3cb0-4adc-8209-b9b02db3bf54.jpg?1748705874
Sleep Magic,{U},1.0,Enchantment — Aura,"Enchant creature When this Aura enters, tap enchanted creature. Enchanted creature doesn't untap during its controller's untap step. When enchanted creature is dealt damage, sacrifice this Aura.",https://cards.scryfall.io/normal/front/c/9/c96cae63-7625-48e3-aaba-5b1632a8642d.jpg?1748706038
Snow Villiers,{2}{W},3.0,Legendary Creature — Human Rebel Monk,Vigilance Snow Villiers's power is equal to the number of creatures you control.,https://cards.scryfall.io/normal/front/3/9/399bb699-e61d-4b41-b6e9-e594cbad6194.jpg?1748705880
Sorceress's Schemes,{3}{R},4.0,Sorcery,Return target instant or sorcery card from your graveyard or exiled card with flashback you own to your hand. Add {R}. Flashback {4}{R} (You may cast this card from your graveyard for its flashback cost. Then exile it.),https://cards.scryfall.io/normal/front/7/e/7efd7627-0754-4685-9d04-8f5f82f45632.jpg?1748706360
"Squall, SeeD Mercenary",{2}{W}{B},4.0,Legendary Creature — Human Knight Mercenary,"Rough Divide — Whenever a creature you control attacks alone, it gains double strike until end of turn. Whenever Squall deals combat damage to a player, return target permanent card with mana value 3 or less from your graveyard to the battlefield.",https://cards.scryfall.io/normal/front/c/c/cc4e5234-fb41-48f7-91f4-039710542bc3.jpg?1748706690
Starting Town,,0.0,Land — Town,"This land enters tapped unless it's your first, second, or third turn of the game. {T}: Add {C}. {T}, Pay 1 life: Add one mana of any color.",https://cards.scryfall.io/normal/front/f/c/fc7d1912-7e27-49ef-bd98-375d975a42b0.jpg?1748706861
"Stiltzkin, Moogle Merchant",{W},1.0,Legendary Creature — Moogle,"Lifelink {2}, {T}: Target opponent gains control of another target permanent you control. If they do, you draw a card.",https://cards.scryfall.io/normal/front/0/6/06a972a4-0c1b-4f12-a5a5-fdea47c4cd35.jpg?1748705882
Stolen Uniform,{U},1.0,Instant,"Choose target creature you control and target Equipment. Gain control of that Equipment until end of turn. Attach it to the chosen creature. When you lose control of that Equipment this turn, if it's attached to a creature you control, unattach it.",https://cards.scryfall.io/normal/front/0/d/0d80c511-2f4d-4f77-8143-7b49b2b19fae.jpg?1748706039
Stuck in Summoner's Sanctum,{2}{U},3.0,Enchantment — Aura,"Flash Enchant artifact or creature When this Aura enters, tap enchanted permanent. Enchanted permanent doesn't untap during its controller's untap step and its activated abilities can't be activated.",https://cards.scryfall.io/normal/front/6/6/6678501e-6349-4e37-ab4c-a31a3d408d52.jpg?1748706046
Summon: Anima,{4}{B}{B},6.0,Enchantment Creature — Saga Horror,"(As this Saga enters and after your draw step, add a lore counter. Sacrifice after IV.) I, II, III — Pain — You draw a card and you lose 1 life. IV — Oblivion — Each opponent sacrifices a creature of their choice and loses 3 life. Menace",https://cards.scryfall.io/normal/front/a/a/aa4f6703-21f8-4c29-ad5a-5afb54188ade.jpg?1748706213
Summon: Bahamut,{9},9.0,Enchantment Creature — Saga Dragon,"(As this Saga enters and after your draw step, add a lore counter. Sacrifice after IV.) I, II — Destroy up to one target nonland permanent. III — Draw two cards. IV — Mega Flare — This creature deals damage equal to the total mana value of other permanents you control to each opponent. Flying",https://cards.scryfall.io/normal/front/9/5/95318d85-4a08-47ac-a43d-ea83c0bea81c.jpg?1748705758
Summon: Brynhildr,{1}{R},2.0,Enchantment Creature — Saga Knight,"(As this Saga enters and after your draw step, add a lore counter. Sacrifice after III.) I — Chain — Exile the top card of your library. During any turn you put a lore counter on this Saga, you may play that card. II, III — Gestalt Mode — When you next cast a creature spell this turn, it gains haste until end of turn.",https://cards.scryfall.io/normal/front/8/a/8ab5429a-1075-49aa-9608-0610080fbf7a.jpg?1748706360
Summon: Choco/Mog,{2}{W},3.0,Enchantment Creature — Saga Bird Moogle,"(As this Saga enters and after your draw step, add a lore counter. Sacrifice after IV.) I, II, III, IV — Stampede! — Other creatures you control get +1/+0 until end of turn.",https://cards.scryfall.io/normal/front/0/0/00546117-018a-4286-bc20-b5446c5be56f.jpg?1748705886
Summoner's Grimoire,{3}{G},4.0,Artifact — Equipment,"Job select Equipped creature is a Shaman in addition to its other types and has ""Whenever this creature attacks, you may put a creature card from your hand onto the battlefield. If that card is an enchantment card, it enters tapped and attacking."" Abraxas — Equip {3}",https://cards.scryfall.io/normal/front/d/9/d9fda3fc-569d-49f8-a2ed-e0b1d6668426.jpg?1748706528
Summon: Esper Ramuh,{2}{R}{R},4.0,Enchantment Creature — Saga Wizard,"(As this Saga enters and after your draw step, add a lore counter. Sacrifice after III.) I — Judgment Bolt — This creature deals damage equal to the number of noncreature, nonland cards in your graveyard to target creature an opponent controls. II, III — Wizards you control get +1/+0 until end of turn.",https://cards.scryfall.io/normal/front/8/4/840659ee-1493-4190-a514-c2c9ae14e331.jpg?1748706366
Summon: Fat Chocobo,{4}{G},5.0,Enchantment Creature — Saga Bird,"(As this Saga enters and after your draw step, add a lore counter. Sacrifice after IV.) I — Wark — Create a 2/2 green Bird creature token with ""Whenever a land you control enters, this token gets +1/+0 until end of turn."" II, III, IV — Kerplunk — Creatures you control gain trample until end of turn.",https://cards.scryfall.io/normal/front/3/2/32eb192b-de6b-4814-8077-628d343d014e.jpg?1748706518
Summon: Fenrir,{2}{G},3.0,Enchantment Creature — Saga Wolf,"(As this Saga enters and after your draw step, add a lore counter. Sacrifice after III.) I — Crescent Fang — Search your library for a basic land card, put it onto the battlefield tapped, then shuffle. II — Heavenward Howl — When you next cast a creature spell this turn, that creature enters with an additional +1/+1 counter on it. III — Ecliptic Growl — Draw a card if you control the creature with the greatest power or tied for the greatest power.",https://cards.scryfall.io/normal/front/9/3/93feb9d5-d004-4598-a448-b3488c869c05.jpg?1748706522
Summon: G.F. Cerberus,{2}{R}{R},4.0,Enchantment Creature — Saga Dog,"(As this Saga enters and after your draw step, add a lore counter. Sacrifice after III.) I — Surveil 1. (Look at the top card of your library. You may put it into your graveyard.) II — Double — When you next cast an instant or sorcery spell this turn, copy it. You may choose new targets for the copy. III — Triple — When you next cast an instant or sorcery spell this turn, copy it twice. You may choose new targets for the copies.",https://cards.scryfall.io/normal/front/d/0/d0e5cbd4-401b-4456-80bf-d90beadfd1f8.jpg?1748706368
Summon: G.F. Ifrit,{2}{R},3.0,Enchantment Creature — Saga Demon,"(As this Saga enters and after your draw step, add a lore counter. Sacrifice after IV.) I, II — You may discard a card. If you do, draw a card. III, IV — Add {R}.",https://cards.scryfall.io/normal/front/c/6/c6c73092-5195-4bdc-b039-a699f6e297b2.jpg?1749639154
Summon: Knights of Round,{6}{W}{W},8.0,Enchantment Creature — Saga Knight,"(As this Saga enters and after your draw step, add a lore counter. Sacrifice after V.) I, II, III, IV — Create three 2/2 white Knight creature tokens. V — Ultimate End — Other creatures you control get +2/+2 until end of turn. Put an indestructible counter on each of them. Indestructible",https://cards.scryfall.io/normal/front/4/4/44d23652-077e-4c1f-b640-b284685db911.jpg?1748705889
Summon: Leviathan,{4}{U}{U},6.0,Enchantment Creature — Saga Leviathan,"(As this Saga enters and after your draw step, add a lore counter. Sacrifice after III.) I — Return each creature that isn't a Kraken, Leviathan, Merfolk, Octopus, or Serpent to its owner's hand. II, III — Until end of turn, whenever a Kraken, Leviathan, Merfolk, Octopus, or Serpent attacks, draw a card. Ward {2}",https://cards.scryfall.io/normal/front/e/a/ea7f26a9-b203-4ee7-88f1-3d9c77a25bcb.jpg?1748706047
Summon: Primal Garuda,{3}{W},4.0,Enchantment Creature — Saga Harpy,"(As this Saga enters and after your draw step, add a lore counter. Sacrifice after III.) I — Aerial Blast — This creature deals 4 damage to target tapped creature an opponent controls. II, III — Slipstream — Another target creature you control gets +1/+0 and gains flying until end of turn. Flying",https://cards.scryfall.io/normal/front/e/4/e44497a8-067e-454e-a9c0-684f03df55ff.jpg?1748705892
Summon: Primal Odin,{4}{B}{B},6.0,Enchantment Creature — Saga Knight,"(As this Saga enters and after your draw step, add a lore counter. Sacrifice after III.) I — Gungnir — Destroy target creature an opponent controls. II — Zantetsuken — This creature gains ""Whenever this creature deals combat damage to a player, that player loses the game."" III — Hall of Sorrow — Draw two cards. Each player loses 2 life.",https://cards.scryfall.io/normal/front/8/b/8b1b5f06-e34d-44a3-976e-5157c4b7a0f4.jpg?1748706216
Summon: Shiva,{3}{U}{U},5.0,Enchantment Creature — Saga Elemental,"(As this Saga enters and after your draw step, add a lore counter. Sacrifice after III.) I, II — Heavenly Strike — Tap target creature an opponent controls. Put a stun counter on it. (If a permanent with a stun counter would become untapped, remove one from it instead.) III — Diamond Dust — Draw a card for each tapped creature your opponents control.",https://cards.scryfall.io/normal/front/a/8/a80511f8-7cb1-4974-afde-8a5cebe13ad7.jpg?1748706054
Summon: Titan,{3}{G}{G},5.0,Enchantment Creature — Saga Giant,"(As this Saga enters and after your draw step, add a lore counter. Sacrifice after III.) I — Mill five cards. II — Return all land cards from your graveyard to the battlefield tapped. III — Until end of turn, another target creature you control gains trample and gets +X/+X, where X is the number of lands you control. Reach, trample",https://cards.scryfall.io/normal/front/5/c/5ce6ea96-7293-496d-b9c8-8ed6d6109a4d.jpg?1749123785
Suplex,{1}{R},2.0,Sorcery,"Choose one — • Suplex deals 3 damage to target creature. If that creature would die this turn, exile it instead. • Exile target artifact.",https://cards.scryfall.io/normal/front/f/6/f61693a2-7042-44e0-85ba-9bf12ab94e7e.jpg?1748706376
Swallowed by Leviathan,{2}{U},3.0,Instant,"Choose target spell. Surveil 2, then counter the chosen spell unless its controller pays {1} for each card in your graveyard. (To surveil 2, look at the top two cards of your library, then put any number of them into graveyard and the rest on top of your library in any order.)",https://cards.scryfall.io/normal/front/2/2/2270642d-fe2a-4265-aff0-a24a43ebe0a1.jpg?1748706055
Swamp,,0.0,Basic Land — Swamp,({T}: Add {B}.),https://cards.scryfall.io/normal/front/f/6/f66094ef-059b-4511-aa6e-835906736de4.jpg?1748706900
Syncopate,{X}{U},1.0,Instant,"Counter target spell unless its controller pays {X}. If that spell is countered this way, exile it instead of putting it into its owner's graveyard.",https://cards.scryfall.io/normal/front/8/3/83e1cd8d-5b97-427a-be75-2a1947f9c59b.jpg?1748706062
"Tellah, Great Sage",{3}{U}{R},5.0,Legendary Creature — Human Wizard,"Whenever you cast a noncreature spell, create a 1/1 colorless Hero creature token. If four or more mana was spent to cast that spell, draw two cards. If eight or more mana was spent to cast that spell, sacrifice Tellah and it deals that much damage to each opponent.",https://cards.scryfall.io/normal/front/a/6/a67793ef-ef80-4434-9c54-e3fd8a270bbe.jpg?1748706698
"Terra, Magical Adept // Esper Terra",,3.0,Legendary Creature — Human Wizard Warrior // Legendary Enchantment Creature — Saga Wizard,,
The Crystal's Chosen,{5}{W}{W},7.0,Sorcery,Create four 1/1 colorless Hero creature tokens. Then put a +1/+1 counter on each creature you control.,https://cards.scryfall.io/normal/front/d/4/d4df4373-0ee6-44e3-81c6-0881c070014c.jpg?1748705806
The Darkness Crystal,{2}{B}{B},4.0,Legendary Artifact,"Black spells you cast cost {1} less to cast. If a nontoken creature an opponent controls would die, instead exile it and you gain 2 life. {4}{B}{B}, {T}: Put target creature card exiled with The Darkness Crystal onto the battlefield tapped under your control with two additional +1/+1 counters on it.",https://cards.scryfall.io/normal/front/0/f/0f93b6ac-54ce-45d0-8549-19307406e6e5.jpg?1748706123
The Earth Crystal,{2}{G}{G},4.0,Legendary Artifact,"Green spells you cast cost {1} less to cast. If one or more +1/+1 counters would be put on a creature you control, twice that many +1/+1 counters are put on that creature instead. {4}{G}{G}, {T}: Distribute two +1/+1 counters among one or two target creatures you control.",https://cards.scryfall.io/normal/front/d/5/d585e218-3dc8-4fbd-8ad2-795fbc9b2155.jpg?1748706448
The Emperor of Palamecia // The Lord Master of Hell,,2.0,Legendary Creature — Human Noble Wizard // Legendary Creature — Demon Noble Wizard,,
The Final Days,{2}{B}{B},4.0,Sorcery,"Create two tapped 2/2 black Horror creature tokens. If this spell was cast from a graveyard, instead create X of those tokens, where X is the number of creature cards in your graveyard. Flashback {4}{B}{B} (You may cast this card from your graveyard for its flashback cost. Then exile it.)",https://cards.scryfall.io/normal/front/b/b/bbf01770-6d0f-4015-b4b4-a74a53cb767a.jpg?1748706140
The Fire Crystal,{2}{R}{R},4.0,Legendary Artifact,"Red spells you cast cost {1} less to cast. Creatures you control have haste. {4}{R}{R}, {T}: Create a token that's a copy of target creature you control. Sacrifice it at the beginning of the next end step.",https://cards.scryfall.io/normal/front/e/a/ea430b17-2014-4b8e-b53f-43bcfc06f7cd.jpg?1748706272
The Gold Saucer,,0.0,Land — Town,"{T}: Add {C}. {2}, {T}: Flip a coin. If you win the flip, create a Treasure token. {3}, {T}, Sacrifice two artifacts: Draw a card.",https://cards.scryfall.io/normal/front/5/3/5363c881-443d-43df-afd8-f81e1a1741a2.jpg?1748706827
The Lunar Whale,{3}{U},4.0,Legendary Artifact — Vehicle,"Flying You may look at the top card of your library any time. As long as The Lunar Whale attacked this turn, you may play the top card of your library. Crew 1",https://cards.scryfall.io/normal/front/a/e/ae875471-346c-4a76-b26f-b7205dad5b80.jpg?1748705980
The Masamune,{3},3.0,Legendary Artifact — Equipment,"As long as equipped creature is attacking, it has first strike and must be blocked if able. Equipped creature has ""If a creature dying causes a triggered ability of this creature or an emblem you own to trigger, that ability triggers an additional time."" Equip {2}",https://cards.scryfall.io/normal/front/f/c/fc408575-8ef7-4043-b6b7-b38cef7c97d1.jpg?1748706776
The Prima Vista,{4}{U},5.0,Legendary Artifact — Vehicle,"Flying Whenever you cast a noncreature spell, if at least four mana was spent to cast it, The Prima Vista becomes an artifact creature until end of turn. Crew 2 (Tap any number of creatures you control with total power 2 or more: This Vehicle becomes an artifact creature until end of turn.)",https://cards.scryfall.io/normal/front/e/3/e3998132-5746-4dde-9529-97d3ad7d7361.jpg?1748705994
The Regalia,{4},4.0,Legendary Artifact — Vehicle,"Haste Whenever The Regalia attacks, reveal cards from the top of your library until you reveal a land card. Put that card onto the battlefield tapped and the rest on the bottom of your library in a random order. Crew 1",https://cards.scryfall.io/normal/front/d/c/dc420e79-c483-474f-97cd-e9c6a636c306.jpg?1748706782
The Wandering Minstrel,{G}{U},2.0,Legendary Creature — Human Bard,"Lands you control enter untapped. The Minstrel's Ballad — At the beginning of combat on your turn, if you control five or more Towns, create a 2/2 Elemental creature token that's all colors. {3}{W}{U}{B}{R}{G}: Other creatures you control get +X/+X until end of turn, where X is the number of Towns you control.",https://cards.scryfall.io/normal/front/7/7/77bc419d-ff69-4e7c-afe6-faca383a5ed7.jpg?1748706723
The Water Crystal,{2}{U}{U},4.0,Legendary Artifact,"Blue spells you cast cost {1} less to cast. If an opponent would mill one or more cards, they mill that many cards plus four instead. {4}{U}{U}, {T}: Each opponent mills cards equal to the number of cards in your hand.",https://cards.scryfall.io/normal/front/e/0/e0af8436-797b-4e1f-b21a-d8e93701c3c9.jpg?1748706080
The Wind Crystal,{2}{W}{W},4.0,Legendary Artifact,"White spells you cast cost {1} less to cast. If you would gain life, you gain twice that much life instead. {4}{W}{W}, {T}: Creatures you control gain flying and lifelink until end of turn.",https://cards.scryfall.io/normal/front/1/9/19bd0885-baaa-40f2-9c59-b1ea53807540.jpg?1748705917
Thief's Knife,{2}{U},3.0,Artifact — Equipment,"Job select (When this Equipment enters, create a 1/1 colorless Hero creature token, then attach this to it.) Equipped creature gets +1/+1, has ""Whenever this creature deals combat damage to a player, draw a card,"" and is a Rogue in addition to its other types. Equip {4}",https://cards.scryfall.io/normal/front/c/2/c2dcfd0a-3f52-4616-a09a-fd2db8b6b93e.jpg?1748706064
Thunder Magic,{R},1.0,Instant,Tiered (Choose one additional cost.) • Thunder — {0} — Thunder Magic deals 2 damage to target creature. • Thundara — {3} — Thunder Magic deals 4 damage to target creature. • Thundaga — {5}{R} — Thunder Magic deals 8 damage to target creature.,https://cards.scryfall.io/normal/front/9/f/9f2b202c-91da-40ec-8324-6b6be7cb3bc8.jpg?1748706380
"Tidus, Blitzball Star",{1}{W}{U},3.0,Legendary Creature — Human Warrior,"Whenever an artifact you control enters, put a +1/+1 counter on Tidus. Whenever Tidus attacks, tap target creature an opponent controls.",https://cards.scryfall.io/normal/front/a/a/aa851d68-a7a4-48c0-9cd7-d3d2e079f3a1.jpg?1748706706
Tifa Lockhart,{1}{G},2.0,Legendary Creature — Human Monk,"Trample Landfall — Whenever a land you control enters, double Tifa Lockhart's power until end of turn.",https://cards.scryfall.io/normal/front/f/b/fb781323-2746-405d-a9b2-e778c037a6e9.jpg?1748706535
Tifa's Limit Break,{G},1.0,Instant,Tiered (Choose one additional cost.) • Somersault — {0} — Target creature gets +2/+2 until end of turn. • Meteor Strikes — {2} — Double target creature's power and toughness until end of turn. • Final Heaven — {6}{G} — Triple target creature's power and toughness until end of turn.,https://cards.scryfall.io/normal/front/2/4/24d6eab7-22bd-494f-8cbe-204446f24be9.jpg?1748706536
Tonberry,{B},1.0,Creature — Salamander Horror,"This creature enters tapped with a stun counter on it. (If it would become untapped, remove a stun counter from it instead.) Chef's Knife — During your turn, this creature has first strike and deathtouch.",https://cards.scryfall.io/normal/front/1/a/1a9b8723-4383-4c14-b24d-52863af8703d.jpg?1748706219
"Torgal, A Fine Hound",{1}{G},2.0,Legendary Creature — Wolf,"Whenever you cast your first Human creature spell each turn, that creature enters with an additional +1/+1 counter on it for each Dog and/or Wolf you control. {T}: Add one mana of any color.",https://cards.scryfall.io/normal/front/0/f/0f5725aa-42bb-4dfd-9c15-135b38b33da3.jpg?1748706543
Town Greeter,{1}{G},2.0,Creature — Human Citizen,"When this creature enters, mill four cards. You may put a land card from among them into your hand. If you put a Town card into your hand this way, you gain 2 life. (To mill four cards, a player puts the top four cards of their library into their graveyard.)",https://cards.scryfall.io/normal/front/4/9/49cd4efa-4df4-4257-9a42-60330f7781e2.jpg?1748706545
Traveling Chocobo,{2}{G},3.0,Creature — Bird,"You may look at the top card of your library any time. You may play lands and cast Bird spells from the top of your library. If a land or Bird you control entering the battlefield causes a triggered ability of a permanent you control to trigger, that ability triggers an additional time.",https://cards.scryfall.io/normal/front/2/4/2462df62-fc35-47ed-9571-40452074dc6d.jpg?1748706549
Travel the Overworld,{5}{U}{U},7.0,Sorcery,Affinity for Towns (This spell costs {1} less to cast for each Town you control.) Draw four cards.,https://cards.scryfall.io/normal/front/a/a/aa5086e0-e2f2-498f-9035-1b31e1d21e0a.jpg?1748901899
"Treno, Dark City",,0.0,Land — Town,This land enters tapped. {T}: Add {U} or {B}.,https://cards.scryfall.io/normal/front/f/6/f6285535-bc44-4274-a886-b14d7c7aaba8.jpg?1748706861
Triple Triad,{3}{R}{R}{R},6.0,Enchantment,"At the beginning of your upkeep, each player exiles the top card of their library. Until end of turn, you may play the card you own exiled this way and each other card exiled this way with lesser mana value than it without paying their mana costs.",https://cards.scryfall.io/normal/front/d/9/d9a1de36-7f47-4b28-bb56-38d7e5bed82f.jpg?1748706383
Ultima,{3}{W}{W},5.0,Sorcery,Destroy all artifacts and creatures. End the turn.,https://cards.scryfall.io/normal/front/3/9/39504a0e-f63f-4907-afd7-c4492f6b8a3b.jpg?1748705896
"Ultima, Origin of Oblivion",{5},5.0,Legendary Creature — God,"Flying Whenever Ultima attacks, put a blight counter on target land. For as long as that land has a blight counter on it, it loses all land types and abilities and has ""{T}: Add {C}."" Whenever you tap a land for {C}, add an additional {C}.",https://cards.scryfall.io/normal/front/d/5/d55a4c02-1aa4-454c-9041-84937377a53b.jpg?1748705763
Ultima Weapon,{7},7.0,Legendary Artifact — Equipment,"Whenever equipped creature attacks, destroy target creature an opponent controls. Equipped creature gets +7/+7. Equip {7}",https://cards.scryfall.io/normal/front/b/9/b9162d08-a6ba-4e6e-b82c-9b092bd781dd.jpg?1748707606
"Ultimecia, Temporal Threat",{4}{U}{U},6.0,Legendary Creature — Human Warlock,"When Ultimecia enters, tap all creatures your opponents control. Whenever a creature you control deals combat damage to a player, draw a card.",https://cards.scryfall.io/normal/front/b/6/b64e4475-f1c6-4d85-b42f-6d84d06855bb.jpg?1748707601
"Ultimecia, Time Sorceress // Ultimecia, Omnipotent",,5.0,Legendary Creature — Human Warlock // Legendary Creature — Nightmare Warlock,,
"Ultros, Obnoxious Octopus",{1}{U},2.0,Legendary Creature — Octopus,"Whenever you cast a noncreature spell, if at least four mana was spent to cast it, tap target creature an opponent controls and put a stun counter on it. (If a permanent with a stun counter would become untapped, remove one from it instead.) Whenever you cast a noncreature spell, if at least eight mana was spent to cast it, put eight +1/+1 counters on Ultros.",https://cards.scryfall.io/normal/front/1/4/14379198-9a0a-4853-9d51-fb074a24b1c0.jpg?1748706073
Undercity Dire Rat,{1}{B},2.0,Creature — Rat,"Rat Tail — When this creature dies, create a Treasure token. (It's an artifact with ""{T}, Sacrifice this token: Add one mana of any color."")",https://cards.scryfall.io/normal/front/2/7/274788f4-fbf3-4a15-bdc0-f513a2fde30d.jpg?1748706221
Unexpected Request,{2}{R},3.0,Sorcery,"Gain control of target creature until end of turn. Untap that creature. It gains haste until end of turn. You may attach an Equipment you control to that creature. If you do, unattach it at the beginning of the next end step.",https://cards.scryfall.io/normal/front/0/2/0265fd20-a85d-49ce-b338-4c40843a5b18.jpg?1748706387
"Vaan, Street Thief",{2}{R},3.0,Legendary Creature — Human Scout,"Whenever one or more Scouts, Pirates, and/or Rogues you control deal combat damage to a player, exile the top card of that player's library. You may cast it. If you don't, create a Treasure token. Whenever you cast a spell you don't own, put a +1/+1 counter on each Scout, Pirate, and Rogue you control.",https://cards.scryfall.io/normal/front/5/0/50e1ec29-9de3-4f1b-b818-057e030d475b.jpg?1748706390
Valkyrie Aerial Unit,{5}{U}{U},7.0,Artifact Creature — Construct,"Affinity for artifacts (This spell costs {1} less to cast for each artifact you control.) Flying When this creature enters, surveil 2. (Look at the top two cards of your library, then put any number of them into your graveyard and the rest on top of your library in any order.)",https://cards.scryfall.io/normal/front/b/4/b40a055f-ea66-44d4-b058-a328a3d10994.jpg?1748706078
"Vanille, Cheerful l'Cie",{3}{G},4.0,Legendary Creature — Human Cleric,"When Vanille enters, mill two cards, then return a permanent card from your graveyard to your hand. At the beginning of your first main phase, if you both own and control Vanille and a creature named Fang, Fearless l'Cie, you may pay {3}{B}{G}. If you do, exile them, then meld them into Ragnarok, Divine Deliverance.",https://cards.scryfall.io/normal/front/9/1/91226c1a-63a0-494e-bcf0-77c2d6f49213.jpg?1746906782
Vayne's Treachery,{1}{B},2.0,Instant,"Kicker—Sacrifice an artifact or creature. (You may sacrifice an artifact or creature in addition to any other costs as you cast this spell.) Target creature gets -2/-2 until end of turn. If this spell was kicked, that creature gets -6/-6 until end of turn instead.",https://cards.scryfall.io/normal/front/6/d/6de6d23b-7d42-41c1-be1c-010fe43ee586.jpg?1748706226
"Vector, Imperial Capital",,0.0,Land — Town,This land enters tapped. {T}: Add {B} or {R}.,https://cards.scryfall.io/normal/front/1/0/10e5648e-4884-41e3-95f8-c76f6bca01e2.jpg?1748706868
"Venat, Heart of Hydaelyn // Hydaelyn, the Mothercrystal",,3.0,Legendary Creature — Elder Wizard // Legendary Creature — God,,
Vincent's Limit Break,{1}{B},2.0,Instant,"Tiered (Choose one additional cost.) Until end of turn, target creature you control gains ""When this creature dies, return it to the battlefield tapped under its owner's control"" and has the chosen base power and toughness. • Galian Beast — {0} — 3/2. • Death Gigas — {1} — 5/2. • Hellmasker — {3} — 7/2.",https://cards.scryfall.io/normal/front/0/5/0502c426-5271-4989-8598-5bc159afe79c.jpg?1748718952
Vincent Valentine // Galian Beast,,4.0,Legendary Creature — Assassin // Legendary Creature — Werewolf Beast,,
Vivi Ornitier,{1}{U}{R},3.0,Legendary Creature — Wizard,"{0}: Add X mana in any combination of {U} and/or {R}, where X is Vivi Ornitier's power. Activate only during your turn and only once each turn. Whenever you cast a noncreature spell, put a +1/+1 counter on Vivi Ornitier and it deals 1 damage to each opponent.",https://cards.scryfall.io/normal/front/e/c/ecc1027a-8c07-44a0-bdde-fa2844cff694.jpg?1748706721
Warrior's Sword,{3}{R},4.0,Artifact — Equipment,"Job select (When this Equipment enters, create a 1/1 colorless Hero creature token, then attach this to it.) Equipped creature gets +3/+2 and is a Warrior in addition to its other types. Equip {5} ({5}: Attach to target creature you control. Equip only as a sorcery.)",https://cards.scryfall.io/normal/front/c/b/cb98a7dd-542e-4448-b3bb-ff5d67a36535.jpg?1748706394
Wastes,,0.0,Basic Land,{T}: Add {C}.,https://cards.scryfall.io/normal/front/c/6/c61feafd-ef09-437c-a12c-fd7d6cb8c15a.jpg?1748706933
Weapons Vendor,{3}{W},4.0,Creature — Human Artificer,"When this creature enters, draw a card. At the beginning of combat on your turn, if you control an Equipment, you may pay {1}. When you do, attach target Equipment you control to target creature you control.",https://cards.scryfall.io/normal/front/c/9/c9e6b374-3e44-4df7-b0a3-4ef98dc08267.jpg?1748705905
White Auracite,{2}{W}{W},4.0,Artifact,"When this artifact enters, exile target nonland permanent an opponent controls until this artifact leaves the battlefield. {T}: Add {W}.",https://cards.scryfall.io/normal/front/2/d/2df6f515-9d21-4769-b1c4-c219611bccbb.jpg?1748705910
White Mage's Staff,{1}{W},2.0,Artifact — Equipment,"Job select (When this Equipment enters, create a 1/1 colorless Hero creature token, then attach this to it.) Equipped creature gets +1/+1, has ""Whenever this creature attacks, you gain 1 life,"" and is a Cleric in addition to its other types. Equip {3} ({3}: Attach to target creature you control. Equip only as a sorcery.)",https://cards.scryfall.io/normal/front/3/0/30db372e-0b4c-4e16-9667-bf3fda666f72.jpg?1748705912
"Windurst, Federation Center",,0.0,Land — Town,This land enters tapped. {T}: Add {G} or {W}.,https://cards.scryfall.io/normal/front/c/7/c74024bd-b383-468d-9cf5-d112a29f6457.jpg?1748706869
World Map,{1},1.0,Artifact,"{1}, {T}, Sacrifice this artifact: Search your library for a basic land card, reveal it, put it into your hand, then shuffle. {3}, {T}, Sacrifice this artifact: Search your library for a land card, reveal it, put it into your hand, then shuffle.",https://cards.scryfall.io/normal/front/7/0/70d9ab99-ec8a-402e-ba1d-ffa6c4c84a3f.jpg?1748706796
"Xande, Dark Mage",{2}{U}{B},4.0,Legendary Creature — Human Wizard,"Menace (This creature can't be blocked except by two or more creatures.) Xande gets +1/+1 for each noncreature, nonland card in your graveyard.",https://cards.scryfall.io/normal/front/1/c/1caed9a8-b73b-470e-b9d8-8c3b7cac3eee.jpg?1748707603
You're Not Alone,{W},1.0,Instant,"Target creature gets +2/+2 until end of turn. If you control three or more creatures, it gets +4/+4 until end of turn instead.",https://cards.scryfall.io/normal/front/1/8/1867b5cb-2bb0-4f49-b302-036fdffa2344.jpg?1748705918
Y'shtola Rhul,{4}{U}{U},6.0,Legendary Creature — Cat Druid,"At the beginning of your end step, exile target creature you control, then return it to the battlefield under its owner's control. Then if it's the first end step of the turn, there is an additional end step after this step.",https://cards.scryfall.io/normal/front/a/e/aef218fa-13a4-4653-95d6-6b3ef1b33a92.jpg?1748706086
"Yuna, Hope of Spira",{3}{G}{W},5.0,Legendary Creature — Human Cleric,"During your turn, Yuna and enchantment creatures you control have trample, lifelink, and ward {2}. At the beginning of your end step, return up to one target enchantment card from your graveyard to the battlefield with a finality counter on it. (If a permanent with a finality counter on it would be put into a graveyard from the battlefield, exile it instead.)",https://cards.scryfall.io/normal/front/3/5/35b613ad-86f0-431b-af93-147d21041fde.jpg?1748706729
Zack Fair,{W},1.0,Legendary Creature — Human Soldier,"Zack Fair enters with a +1/+1 counter on it. {1}, Sacrifice Zack Fair: Target creature you control gains indestructible until end of turn. Put Zack Fair's counters on that creature and attach an Equipment that was attached to Zack Fair to that creature.",https://cards.scryfall.io/normal/front/f/2/f21f9161-5945-40da-8da0-446f6a4a1c23.jpg?1748705924
"Zanarkand, Ancient Metropolis // Lasting Fayth",{4}{G}{G},0.0,Land — Town // Sorcery — Adventure,,https://cards.scryfall.io/normal/front/8/8/881e4c00-3b9a-47a1-bf66-1badda994c88.jpg?1748706876
Zell Dincht,{2}{R},3.0,Legendary Creature — Human Monk,"You may play an additional land on each of your turns. Zell Dincht gets +1/+0 for each land you control. At the beginning of your end step, return a land you control to its owner's hand.",https://cards.scryfall.io/normal/front/1/3/135d6b27-9168-4513-9d7d-56edae048857.jpg?1748706397
"Zenos yae Galvus // Shinryu, Transcendent Rival",,5.0,Legendary Creature — Human Noble Warrior // Legendary Creature — Dragon,,
"Zidane, Tantalus Thief",{3}{R}{W},5.0,Legendary Creature — Human Mutant Scout,"When Zidane enters, gain control of target creature an opponent controls until end of turn. Untap it. It gains lifelink and haste until end of turn. Whenever an opponent gains control of a permanent from you, create a Treasure token.",https://cards.scryfall.io/normal/front/e/4/e42c7d9d-8685-415b-8c5d-6ab2165863b9.jpg?1748706732
"Zodiark, Umbral God",{B}{B}{B}{B}{B},5.0,Legendary Creature — God,"Indestructible When Zodiark enters, each player sacrifices half the non-God creatures they control of their choice, rounded down. Whenever a player sacrifices another creature, put a +1/+1 counter on Zodiark.",https://cards.scryfall.io/normal/front/9/b/9ba292d5-5139-42ea-950d-0a638445277f.jpg?1748706245
